Date,Symbol,Open,High,Low,Close,Volume From,Volume To
735568.0,BTCUSD,300.0,370.0,300.0,370.0,0.05656,19.53
735569.0,BTCUSD,370.0,378.0,370.0,378.0,15.01,5675.07
735570.0,BTCUSD,378.0,378.0,377.01,378.0,0.5466,206.52
735571.0,BTCUSD,378.0,378.0,377.1,377.1,0.01,3.77
735572.0,BTCUSD,377.1,377.1,377.1,377.1,0.0,0.0
735573.0,BTCUSD,377.1,378.0,377.1,378.0,0.015,5.67
735574.0,BTCUSD,378.0,378.0,378.0,378.0,0.0,0.0
735575.0,BTCUSD,378.0,378.0,375.0,375.0,0.235,88.13
735576.0,BTCUSD,375.0,375.0,375.0,375.0,0.0,0.0
735577.0,BTCUSD,375.0,398.0,360.5,360.5,0.02,7.59
735578.0,BTCUSD,360.5,360.5,360.5,360.5,0.0,0.0
735579.0,BTCUSD,360.5,379.0,350.0,350.0,3.15,1115.49
735580.0,BTCUSD,350.0,350.0,350.0,350.0,0.0,0.0
735581.0,BTCUSD,350.0,350.0,350.0,350.0,0.0,0.0
735582.0,BTCUSD,350.0,350.0,350.0,350.0,0.0,0.0
735583.0,BTCUSD,350.0,350.0,350.0,350.0,0.0,0.0
735584.0,BTCUSD,350.0,350.0,350.0,350.0,0.0,0.0
735585.0,BTCUSD,350.0,350.0,340.0,340.0,2.0,685.0
735586.0,BTCUSD,340.0,340.0,340.0,340.0,0.0,0.0
735587.0,BTCUSD,340.0,340.0,340.0,340.0,0.0,0.0
735588.0,BTCUSD,340.0,340.0,340.0,340.0,0.0,0.0
735589.0,BTCUSD,340.0,340.0,340.0,340.0,0.0,0.0
735590.0,BTCUSD,340.0,340.0,340.0,340.0,0.0,0.0
735591.0,BTCUSD,340.0,340.0,340.0,340.0,0.0,0.0
735592.0,BTCUSD,340.0,340.0,340.0,340.0,0.0,0.0
735593.0,BTCUSD,340.0,340.0,340.0,340.0,0.0,0.0
735594.0,BTCUSD,340.0,340.0,340.0,340.0,0.0,0.0
735595.0,BTCUSD,340.0,340.0,340.0,340.0,0.0,0.0
735596.0,BTCUSD,340.0,340.0,340.0,340.0,0.0,0.0
735597.0,BTCUSD,340.0,340.0,340.0,340.0,0.0,0.0
735598.0,BTCUSD,340.0,340.0,340.0,340.0,0.0,0.0
735599.0,BTCUSD,340.0,340.0,340.0,340.0,0.0,0.0
735600.0,BTCUSD,340.0,340.0,340.0,340.0,0.0,0.0
735601.0,BTCUSD,340.0,340.0,340.0,340.0,0.0,0.0
735602.0,BTCUSD,340.0,340.0,340.0,340.0,0.0,0.0
735603.0,BTCUSD,340.0,340.0,340.0,340.0,0.0,0.0
735604.0,BTCUSD,340.0,340.0,340.0,340.0,0.0,0.0
735605.0,BTCUSD,340.0,340.0,340.0,340.0,0.0,0.0
735606.0,BTCUSD,340.0,360.0,264.81,288.99,10.35,3055.55
735607.0,BTCUSD,288.99,288.99,288.99,288.99,0.0,0.0
735608.0,BTCUSD,288.99,288.99,288.99,288.99,0.0,0.0
735609.0,BTCUSD,288.99,288.99,288.99,288.99,0.0,0.0
735610.0,BTCUSD,288.99,288.99,288.99,288.99,0.0,0.0
735611.0,BTCUSD,288.99,288.99,260.0,260.0,1.0,260.0
735612.0,BTCUSD,260.0,260.0,109.87,120.0,11.3,1760.81
735613.0,BTCUSD,120.0,224.0,120.0,211.91,2.87,571.46
735614.0,BTCUSD,211.91,225.5,189.0,199.46,4.8,985.98
735615.0,BTCUSD,199.46,210.0,184.0,184.0,0.11199999999999999,22.25
735616.0,BTCUSD,184.0,184.0,184.0,184.0,0.0,0.0
735617.0,BTCUSD,184.0,225.51,184.0,225.51,0.41,86.26
735618.0,BTCUSD,225.51,225.51,208.0,208.0,0.02,4.23
735619.0,BTCUSD,208.0,225.51,208.0,225.51,0.1577,35.02
735620.0,BTCUSD,225.51,257.73,216.59,226.32,4.36,1000.75
735621.0,BTCUSD,226.32,235.0,215.0,235.0,0.18,41.45
735622.0,BTCUSD,235.0,250.58,215.0,240.0,1.74,431.76
735623.0,BTCUSD,240.0,256.26,240.0,254.53,478.76,120120.06
735624.0,BTCUSD,254.53,322.72,241.43,270.0,5152.24,1439367.1
735625.0,BTCUSD,270.0,278.47,244.03,262.69,1647.55,432840.93
735626.0,BTCUSD,262.69,265.99,228.5,236.14,5160.3,1272214.28
735627.0,BTCUSD,236.14,242.0,221.14,234.52,6661.74,1555210.37
735628.0,BTCUSD,234.52,244.59,227.89,232.55,5699.69,1333424.96
735629.0,BTCUSD,232.55,234.67,217.11,219.0,5569.26,1273921.59
735630.0,BTCUSD,219.0,233.79,210.0,227.0,7401.43,1640635.74
735631.0,BTCUSD,227.0,240.1,220.89,237.79,7156.24,1630984.85
735632.0,BTCUSD,237.79,243.9,225.32,228.31,8565.02,2029168.44
735633.0,BTCUSD,228.31,230.99,221.5,226.5,9103.19,2058675.85
735634.0,BTCUSD,226.5,228.9,215.0,216.0,7522.28,1663849.23
735635.0,BTCUSD,216.0,226.64,216.0,222.82,5638.26,1247408.29
735636.0,BTCUSD,222.82,230.5,222.44,228.7,4220.38,957152.99
735637.0,BTCUSD,228.7,231.6,220.0,224.16,4253.06,958535.01
735638.0,BTCUSD,224.16,225.0,216.45,222.19,6525.33,1442999.31
735639.0,BTCUSD,222.19,222.64,215.0,220.84,5450.37,1193027.11
735640.0,BTCUSD,220.84,223.61,217.46,220.02,8877.19,1964602.47
735641.0,BTCUSD,220.02,224.61,218.0,222.45,7850.44,1733740.77
735642.0,BTCUSD,222.45,242.36,221.55,236.65,15260.16,3572659.33
735643.0,BTCUSD,236.65,259.98,236.08,257.48,14942.09,3713770.11
735644.0,BTCUSD,257.48,267.86,228.0,234.0,17339.11,4288626.87
735645.0,BTCUSD,234.0,241.0,229.6,236.82,10342.88,2433600.57
735646.0,BTCUSD,236.82,248.0,233.0,244.0,16360.49,3936010.98
735647.0,BTCUSD,244.0,246.0,231.93,235.91,13453.31,3226055.9
735648.0,BTCUSD,235.91,245.0,235.58,242.42,9123.0,2185101.18
735649.0,BTCUSD,242.42,248.32,239.99,245.89,9809.26,2394824.82
735650.0,BTCUSD,245.54,248.12,244.0,245.86,4106.15,1008277.92
735651.0,BTCUSD,245.86,247.48,234.01,236.72,8311.73,1998887.5
735652.0,BTCUSD,236.72,240.97,232.0,239.69,9684.99,2300665.03
735653.0,BTCUSD,239.49,241.21,235.51,240.13,4506.86,1078384.78
735654.0,BTCUSD,239.78,240.99,235.44,238.45,4165.15,994000.29
735655.0,BTCUSD,238.45,238.46,234.33,237.1,6798.2,1610969.07
735656.0,BTCUSD,237.1,259.0,236.29,255.96,20540.96,5167883.69
735657.0,BTCUSD,255.96,256.97,250.0,255.51,5433.11,1377009.18
735658.0,BTCUSD,255.59,259.97,246.3,258.78,4967.35,1255486.27
735659.0,BTCUSD,260.35,275.0,258.21,274.93,10027.14,2668681.1
735660.0,BTCUSD,274.93,289.5,267.07,282.42,19087.01,5293946.81
735661.0,BTCUSD,282.42,287.0,267.39,273.56,15023.6,4196751.75
735662.0,BTCUSD,273.56,281.09,262.49,277.12,11641.75,3159376.26
735663.0,BTCUSD,277.12,280.0,269.12,273.91,9963.67,2731783.63
735664.0,BTCUSD,273.91,279.44,270.55,276.33,6326.64,1738033.44
735665.0,BTCUSD,276.33,278.97,270.29,274.82,5080.38,1400160.54
735666.0,BTCUSD,274.82,294.42,274.82,290.23,13596.15,3873262.35
735667.0,BTCUSD,290.23,299.48,288.96,292.56,16279.83,4810757.15
735668.0,BTCUSD,292.56,297.8,290.51,296.63,9836.17,2898112.52
735669.0,BTCUSD,296.63,298.9,291.87,296.11,9501.1,2809005.49
735670.0,BTCUSD,296.11,296.52,284.86,287.0,11720.92,3409733.15
735671.0,BTCUSD,287.0,289.0,280.86,284.29,7278.62,2075249.82
735672.0,BTCUSD,284.29,289.24,282.5,287.46,4422.23,1266481.41
735673.0,BTCUSD,287.46,294.99,287.02,292.03,8819.7,2579819.45
735674.0,BTCUSD,292.03,293.69,284.01,286.87,7724.07,2239769.56
735675.0,BTCUSD,286.87,287.05,250.0,258.51,18277.12,4930769.11
735676.0,BTCUSD,258.51,266.8,249.2,263.28,16096.79,4166409.24
735677.0,BTCUSD,263.28,267.42,259.31,263.71,7552.27,1988780.89
735678.0,BTCUSD,263.71,264.04,256.66,261.83,6090.47,1591138.39
735679.0,BTCUSD,261.83,271.27,259.71,270.0,5754.06,1521539.9
735680.0,BTCUSD,270.0,273.99,260.81,265.61,13043.94,3491471.94
735681.0,BTCUSD,265.61,268.51,244.86,248.81,16427.45,4148385.16
735682.0,BTCUSD,248.81,249.99,234.51,247.0,12393.11,3041663.8
735683.0,BTCUSD,247.0,254.9,244.92,250.16,10837.76,2716899.4
735684.0,BTCUSD,250.16,250.99,246.44,248.68,8364.84,2081620.68
735685.0,BTCUSD,248.68,254.99,247.63,253.47,6096.03,1535147.5
735686.0,BTCUSD,253.47,254.0,241.0,243.58,8413.7,2070762.11
735687.0,BTCUSD,243.58,250.06,237.94,248.59,10852.73,2670993.74
735688.0,BTCUSD,248.59,249.98,242.87,245.26,8179.65,2013716.0
735689.0,BTCUSD,245.26,248.22,241.07,247.25,9529.31,2333725.21
735690.0,BTCUSD,247.25,255.24,245.8,254.48,9077.69,2270713.89
735691.0,BTCUSD,254.48,257.43,252.59,255.68,7141.43,1820711.88
735692.0,BTCUSD,255.68,256.6,251.26,254.87,3990.58,1012944.38
735693.0,BTCUSD,254.87,262.0,252.06,261.46,5171.58,1329021.02
735694.0,BTCUSD,261.46,263.0,255.0,257.57,7405.23,1919695.66
735695.0,BTCUSD,257.57,258.11,253.45,255.67,7307.56,1869620.76
735696.0,BTCUSD,255.67,255.75,244.29,246.65,7572.99,1888130.98
735697.0,BTCUSD,246.65,248.16,239.02,243.65,7620.34,1866760.32
735698.0,BTCUSD,243.65,244.95,232.35,235.86,11515.72,2739014.34
735699.0,BTCUSD,235.86,239.99,234.77,238.13,5674.99,1346765.36
735700.0,BTCUSD,238.13,239.16,234.02,238.03,2547.14,605466.36
735701.0,BTCUSD,238.03,238.03,238.03,238.03,0.0,0.0
735702.0,BTCUSD,221.48,222.16,216.92,220.53,6154.67,1350697.93
735703.0,BTCUSD,220.53,224.24,218.09,223.88,8680.74,1926825.18
735704.0,BTCUSD,223.88,230.75,223.55,229.09,8410.1,1917082.96
735705.0,BTCUSD,229.09,230.08,220.46,223.5,7332.0,1651298.46
735706.0,BTCUSD,223.5,224.04,222.18,223.99,4391.09,980632.91
735707.0,BTCUSD,223.99,226.72,223.44,224.05,4596.85,1032611.44
735708.0,BTCUSD,224.05,227.45,223.45,225.04,7263.87,1635293.26
735709.0,BTCUSD,225.04,235.81,224.01,234.91,9587.36,2186765.77
735710.0,BTCUSD,234.91,238.6,232.78,234.0,7535.02,1777456.59
735711.0,BTCUSD,234.0,236.0,232.79,235.49,6497.28,1525938.82
735712.0,BTCUSD,235.49,236.93,230.12,232.38,5241.44,1221030.15
735713.0,BTCUSD,232.38,233.67,226.83,227.06,4981.45,1145582.4
735714.0,BTCUSD,227.06,227.91,215.56,220.5,9487.32,2088912.54
735715.0,BTCUSD,220.5,231.11,218.78,227.2,11863.95,2644709.2
735716.0,BTCUSD,227.2,229.04,220.46,225.48,6931.74,1561834.34
735717.0,BTCUSD,225.48,227.3,220.2,225.91,6662.8,1500129.71
735718.0,BTCUSD,225.91,240.0,225.1,236.59,11339.46,2637970.11
735719.0,BTCUSD,236.59,238.78,234.0,234.01,9697.4,2287292.43
735720.0,BTCUSD,234.01,237.15,233.0,236.26,6357.79,1494958.02
735721.0,BTCUSD,236.26,242.97,234.26,240.63,5846.91,1401770.86
735722.0,BTCUSD,240.63,243.99,238.06,239.8,8777.83,2111461.68
735723.0,BTCUSD,239.8,240.0,232.0,236.18,8957.98,2113825.79
735724.0,BTCUSD,236.18,237.87,228.38,230.89,7817.31,1833079.97
735725.0,BTCUSD,230.89,239.18,228.38,237.91,8772.45,2047519.36
735726.0,BTCUSD,237.91,247.06,236.35,244.65,8466.61,2053376.56
735727.0,BTCUSD,244.65,247.6,240.0,242.57,4988.6,1216454.58
735728.0,BTCUSD,242.57,244.89,239.63,241.25,5136.97,1244009.3
735729.0,BTCUSD,241.25,245.49,239.5,242.81,6124.37,1485289.47
735730.0,BTCUSD,242.81,243.4,240.37,242.81,6291.95,1523694.38
735731.0,BTCUSD,242.81,244.13,235.54,237.56,10026.48,2424314.78
735732.0,BTCUSD,237.56,240.0,232.61,237.19,9610.34,2282852.03
735733.0,BTCUSD,237.19,239.0,236.89,237.84,9062.66,2155507.7
735734.0,BTCUSD,237.84,237.99,235.48,236.73,2924.1,694423.22
735735.0,BTCUSD,236.73,238.45,236.7,237.22,4789.15,1137258.26
735736.0,BTCUSD,237.22,237.89,231.66,233.28,7083.69,1672387.89
735737.0,BTCUSD,233.28,234.92,231.53,232.4,6946.41,1620675.86
735738.0,BTCUSD,232.4,235.0,232.31,234.25,7040.85,1646935.39
735739.0,BTCUSD,234.25,236.74,234.13,235.72,6111.71,1439629.32
735740.0,BTCUSD,235.72,242.0,235.11,240.34,7718.5,1842781.55
735741.0,BTCUSD,240.34,240.64,237.89,239.07,3813.89,913946.89
735742.0,BTCUSD,239.07,242.0,238.27,240.91,3367.15,809463.26
735743.0,BTCUSD,240.91,241.4,236.71,237.47,4028.06,961011.41
735744.0,BTCUSD,237.47,238.34,235.81,237.61,5950.51,1413734.29
735745.0,BTCUSD,237.61,238.75,236.02,237.74,6631.62,1574876.0
735746.0,BTCUSD,237.74,238.48,236.23,236.8,6001.17,1424107.73
735747.0,BTCUSD,236.8,237.68,235.01,236.94,6340.64,1501401.4
735748.0,BTCUSD,236.94,236.99,231.0,232.93,6210.73,1452783.12
735749.0,BTCUSD,232.93,233.94,229.55,229.88,5842.77,1356690.75
735750.0,BTCUSD,229.88,230.99,221.58,223.6,10155.63,2297810.41
735751.0,BTCUSD,223.6,226.68,221.84,225.25,8919.25,2004605.53
735752.0,BTCUSD,225.25,227.45,223.82,225.57,6835.7,1545211.59
735753.0,BTCUSD,225.57,226.07,223.56,224.31,6027.74,1357326.97
735754.0,BTCUSD,224.31,226.74,223.01,225.33,6580.07,1480504.08
735755.0,BTCUSD,225.33,225.61,224.27,225.02,3603.72,810800.67
735756.0,BTCUSD,225.02,226.09,222.88,223.96,3526.44,791668.46
735757.0,BTCUSD,223.96,230.16,223.63,229.02,6883.72,1563988.82
735758.0,BTCUSD,229.02,232.06,228.31,229.74,6386.51,1469437.2
735759.0,BTCUSD,229.74,230.45,227.98,228.67,5957.23,1364629.91
735760.0,BTCUSD,228.67,230.92,228.67,229.62,5631.46,1293396.64
735761.0,BTCUSD,229.62,231.32,229.01,230.26,5860.99,1348481.27
735762.0,BTCUSD,230.26,233.33,228.79,233.18,3873.91,894580.62
735763.0,BTCUSD,233.18,235.0,232.53,233.6,2275.85,531824.81
735764.0,BTCUSD,233.6,238.5,233.6,237.47,5868.17,1387437.28
735765.0,BTCUSD,237.47,253.26,236.01,251.93,10379.93,2534841.38
735766.0,BTCUSD,251.93,259.46,247.0,248.37,10011.16,2522542.04
735767.0,BTCUSD,248.37,253.29,243.51,248.93,9547.55,2381350.7
735768.0,BTCUSD,248.93,251.05,245.56,245.56,29810.11,7345446.99
735769.0,BTCUSD,246.57,246.99,246.56,246.67,60.42,14913.45
735770.0,BTCUSD,246.67,246.98,242.0,244.64,3757.23,918252.48
735771.0,BTCUSD,244.64,248.5,243.86,247.75,5446.03,1341811.14
735772.0,BTCUSD,247.75,248.06,243.01,244.07,5335.17,1308791.02
735773.0,BTCUSD,244.07,244.92,239.51,240.89,5316.52,1287779.26
735774.0,BTCUSD,240.89,243.44,239.91,242.14,5700.06,1378705.69
735775.0,BTCUSD,242.14,243.1,239.91,243.0,6548.17,1583976.63
735776.0,BTCUSD,243.0,252.22,242.3,251.67,5216.6,1287890.03
735777.0,BTCUSD,251.67,252.0,247.51,249.79,4432.28,1107853.74
735778.0,BTCUSD,249.79,257.99,249.09,257.57,10217.24,2597519.75
735779.0,BTCUSD,257.35,269.39,255.91,264.94,11626.26,3057480.55
735780.0,BTCUSD,264.94,265.45,255.12,257.97,8150.38,2117515.44
735781.0,BTCUSD,257.97,262.0,253.0,255.22,6288.44,1618502.64
735782.0,BTCUSD,255.22,257.37,252.77,256.36,4850.58,1238894.58
735783.0,BTCUSD,256.36,261.0,254.4,260.72,4119.09,1059726.9
735784.0,BTCUSD,260.61,275.25,258.99,271.15,7902.94,2115315.38
735785.0,BTCUSD,271.15,277.88,268.27,270.41,9928.97,2712293.49
735786.0,BTCUSD,270.41,272.11,264.5,267.19,7114.39,1909768.25
735787.0,BTCUSD,267.19,273.97,264.41,270.64,7744.93,2088515.27
735788.0,BTCUSD,270.64,272.5,267.1,270.21,6928.7,1872007.53
735789.0,BTCUSD,269.48,294.71,269.25,286.85,15760.0,4494129.03
735790.0,BTCUSD,286.85,299.0,284.5,294.77,8321.35,2436511.45
735791.0,BTCUSD,294.77,316.52,293.5,311.96,12692.8,3888193.78
735792.0,BTCUSD,311.96,312.91,281.62,292.35,13000.28,3812344.69
735793.0,BTCUSD,292.35,297.78,286.25,288.2,7147.48,2085310.1
735794.0,BTCUSD,288.2,294.11,285.18,285.22,7261.97,2111526.87
735795.0,BTCUSD,285.22,292.78,275.0,278.71,8771.75,2470019.42
735796.0,BTCUSD,278.71,281.38,272.64,279.95,6840.84,1903298.41
735797.0,BTCUSD,279.95,282.71,276.34,277.56,4406.19,1229676.41
735798.0,BTCUSD,277.56,278.48,275.0,275.59,3314.37,917149.1
735799.0,BTCUSD,275.59,279.72,273.34,278.7,5328.9,1478259.79
735800.0,BTCUSD,278.7,281.27,276.85,277.13,5033.72,1407886.6
735801.0,BTCUSD,277.13,278.54,275.01,277.5,4611.39,1277029.62
735802.0,BTCUSD,277.5,279.75,276.28,276.91,5347.51,1484529.22
735803.0,BTCUSD,276.91,291.52,276.43,289.48,7203.81,2049614.89
735804.0,BTCUSD,289.48,291.67,286.82,289.64,4144.86,1198430.86
735805.0,BTCUSD,289.64,294.49,288.65,293.25,3764.35,1099301.03
735806.0,BTCUSD,293.25,297.0,287.24,294.44,6418.82,1875403.35
735807.0,BTCUSD,294.44,298.0,293.35,295.73,5707.1,1688432.24
735808.0,BTCUSD,295.73,296.58,289.01,289.53,5211.42,1523831.44
735809.0,BTCUSD,289.53,291.56,286.56,288.25,5218.19,1506092.68
735810.0,BTCUSD,288.25,290.0,282.79,284.68,5615.32,1605309.8
735811.0,BTCUSD,284.68,285.6,277.26,282.06,3907.84,1099820.57
735812.0,BTCUSD,282.06,282.58,277.33,282.55,3452.38,968906.8
735813.0,BTCUSD,282.55,285.86,280.27,281.63,4624.02,1310969.62
735814.0,BTCUSD,281.63,286.47,280.11,285.31,5556.91,1579478.13
735815.0,BTCUSD,285.31,286.25,282.01,282.24,5847.36,1659268.09
735816.0,BTCUSD,282.24,282.77,278.95,279.91,5000.88,1401580.63
735817.0,BTCUSD,279.91,281.17,277.05,279.54,5192.8,1451644.55
735818.0,BTCUSD,279.54,280.16,260.07,261.08,6052.87,1643529.58
735819.0,BTCUSD,261.08,268.8,260.97,267.91,5078.04,1344584.97
735820.0,BTCUSD,267.91,268.89,263.17,265.18,5324.47,1414583.09
735821.0,BTCUSD,265.18,271.99,263.48,271.2,5878.03,1567622.1
735822.0,BTCUSD,271.2,272.4,265.79,269.43,6217.22,1674361.23
735823.0,BTCUSD,269.43,269.49,262.94,264.92,5434.23,1442378.73
735824.0,BTCUSD,264.92,267.98,262.5,266.52,6897.74,1834555.53
735825.0,BTCUSD,266.52,267.69,262.05,262.21,4065.26,1081921.08
735826.0,BTCUSD,262.21,263.1,255.67,259.19,5348.55,1389641.36
735827.0,BTCUSD,259.19,261.57,255.58,258.49,6761.14,1748489.61
735828.0,BTCUSD,258.49,258.64,245.67,247.43,8204.81,2080508.48
735829.0,BTCUSD,247.43,247.43,200.0,227.84,16696.31,3851980.93
735830.0,BTCUSD,227.84,238.2,226.58,235.49,8940.0,2088182.3
735831.0,BTCUSD,235.49,236.99,231.37,233.71,7878.14,1847689.64
735832.0,BTCUSD,233.71,235.53,222.68,230.62,7708.46,1766699.25
735833.0,BTCUSD,230.62,233.25,226.15,228.3,4254.11,978568.02
735834.0,BTCUSD,228.3,229.84,210.0,213.38,16138.49,3532958.11
735835.0,BTCUSD,213.38,229.49,198.02,223.58,20002.92,4264677.57
735836.0,BTCUSD,223.58,231.97,220.16,226.35,9739.46,2208758.79
735837.0,BTCUSD,226.35,229.99,224.0,224.34,7938.43,1799783.19
735838.0,BTCUSD,224.34,236.18,221.2,233.4,9005.75,2070643.73
735839.0,BTCUSD,233.4,233.95,228.0,229.55,4546.16,1048954.46
735840.0,BTCUSD,229.55,233.47,226.59,229.24,4964.63,1137912.57
735841.0,BTCUSD,229.24,233.0,225.23,231.12,6705.52,1543065.59
735842.0,BTCUSD,231.12,233.5,226.42,227.6,8594.57,1967118.87
735843.0,BTCUSD,227.6,231.43,226.43,229.39,7477.0,1712613.03
735844.0,BTCUSD,229.39,231.36,226.48,226.83,6712.57,1531235.08
735845.0,BTCUSD,226.83,232.49,226.83,231.61,7020.27,1615740.04
735846.0,BTCUSD,231.61,231.61,230.12,230.92,2603.86,601166.68
735847.0,BTCUSD,240.13,244.82,239.72,240.93,2502.55,605270.41
735848.0,BTCUSD,240.93,242.98,239.21,240.31,4960.04,1196014.62
735849.0,BTCUSD,240.31,247.82,240.01,244.15,8264.99,2015007.12
735850.0,BTCUSD,244.15,244.69,238.6,238.72,6800.15,1639306.36
735851.0,BTCUSD,238.72,241.4,236.69,238.33,5822.01,1391798.77
735852.0,BTCUSD,238.33,241.54,238.33,241.04,5807.8,1396588.42
735853.0,BTCUSD,241.04,241.13,235.26,236.92,5390.6,1286085.34
735854.0,BTCUSD,236.92,236.92,229.72,230.61,4987.99,1162075.64
735855.0,BTCUSD,230.61,233.99,228.01,231.01,7961.8,1842034.35
735856.0,BTCUSD,231.01,232.43,230.26,230.36,6953.11,1607223.06
735857.0,BTCUSD,230.36,232.0,226.85,229.2,7866.47,1804773.1
735858.0,BTCUSD,229.2,235.93,229.01,233.17,7532.78,1747560.55
735859.0,BTCUSD,233.17,234.96,231.75,233.19,4579.73,1069747.46
735860.0,BTCUSD,233.19,234.31,232.0,232.26,3630.37,845592.41
735861.0,BTCUSD,232.26,234.0,231.85,232.48,3636.83,845849.51
735862.0,BTCUSD,232.48,233.64,226.87,227.0,7630.98,1747253.74
735863.0,BTCUSD,227.0,232.5,224.45,230.61,8827.76,2029170.21
735864.0,BTCUSD,230.61,233.0,229.27,230.1,6307.83,1457819.49
735865.0,BTCUSD,230.1,235.99,230.01,235.6,9095.34,2117575.92
735866.0,BTCUSD,235.6,237.62,234.02,235.76,6468.71,1526369.32
735867.0,BTCUSD,235.76,236.2,233.5,234.99,4229.25,994247.53
735868.0,BTCUSD,234.99,235.13,233.2,233.54,3286.85,768909.53
735869.0,BTCUSD,233.54,240.42,233.45,240.42,7962.86,1898213.94
735870.0,BTCUSD,240.42,241.05,237.0,237.78,6880.33,1643213.39
735871.0,BTCUSD,237.78,238.75,236.26,237.13,5549.05,1318349.82
735872.0,BTCUSD,237.13,239.86,236.68,238.54,5670.97,1351078.32
735873.0,BTCUSD,238.54,239.4,236.97,237.99,5947.95,1417784.26
735874.0,BTCUSD,237.99,240.62,237.68,239.93,4360.67,1043632.98
735875.0,BTCUSD,239.93,240.28,239.07,239.76,3757.54,900881.86
735876.0,BTCUSD,239.76,240.77,237.5,240.7,7420.58,1776349.82
735877.0,BTCUSD,240.7,248.0,240.31,246.83,9347.01,2285485.5
735878.0,BTCUSD,246.83,247.96,240.2,243.64,9035.05,2220567.2
735879.0,BTCUSD,243.64,245.38,242.2,243.38,5358.51,1309144.55
735880.0,BTCUSD,243.38,244.88,241.1,244.46,4999.71,1219605.35
735881.0,BTCUSD,244.46,246.1,243.8,246.06,3721.95,912802.93
735882.0,BTCUSD,246.06,250.0,245.63,248.9,4222.7,1044679.03
735883.0,BTCUSD,248.9,249.14,245.89,246.29,5328.43,1318989.63
735884.0,BTCUSD,246.29,251.5,244.86,250.37,6471.08,1610643.64
735885.0,BTCUSD,250.37,255.0,250.25,253.22,7542.42,1905000.14
735886.0,BTCUSD,253.22,256.77,253.13,254.64,6623.1,1690435.99
735887.0,BTCUSD,254.64,267.6,254.64,263.0,9104.56,2376369.17
735888.0,BTCUSD,263.0,274.81,262.56,271.35,10913.12,2940700.24
735889.0,BTCUSD,271.35,273.5,262.94,264.53,5809.15,1553771.6
735890.0,BTCUSD,264.53,268.23,262.05,264.81,5238.97,1389589.25
735891.0,BTCUSD,264.81,272.95,264.38,271.14,4652.97,1254498.62
735892.0,BTCUSD,271.14,272.85,265.0,269.16,6098.22,1643140.21
735893.0,BTCUSD,269.16,280.0,268.52,275.92,8714.9,2388561.2
735894.0,BTCUSD,275.92,281.17,275.4,278.07,7054.48,1959383.04
735895.0,BTCUSD,278.07,284.0,278.07,284.0,5268.7,1480783.01
735896.0,BTCUSD,284.0,295.93,283.28,288.97,10737.02,3114865.97
735897.0,BTCUSD,288.97,288.99,282.04,286.75,7565.99,2158042.54
735898.0,BTCUSD,286.75,297.99,286.67,295.88,10888.35,3196913.71
735899.0,BTCUSD,295.88,308.93,295.51,303.75,16005.21,4830462.34
735900.0,BTCUSD,303.75,320.99,301.8,315.68,12145.79,3785443.04
735901.0,BTCUSD,315.68,336.97,315.46,329.97,16267.3,5308998.95
735902.0,BTCUSD,329.97,334.28,306.29,314.6,14918.76,4759517.11
735903.0,BTCUSD,314.6,332.0,311.44,331.71,10295.56,3304599.08
735904.0,BTCUSD,331.71,371.82,326.07,363.97,19347.78,6714822.77
735905.0,BTCUSD,363.97,422.3,362.07,399.49,40259.65,15724145.32
735906.0,BTCUSD,399.49,499.99,368.15,398.09,49326.81,21800320.75
735907.0,BTCUSD,398.09,450.0,366.66,384.2,27216.75,10978245.17
735908.0,BTCUSD,384.2,395.0,351.0,371.37,20222.01,7536080.38
735909.0,BTCUSD,371.37,392.0,368.24,386.7,8508.45,3260497.4
735910.0,BTCUSD,386.7,389.0,363.58,373.91,7450.76,2834422.59
735911.0,BTCUSD,373.91,386.96,360.8,381.0,10839.36,4061818.61
735912.0,BTCUSD,381.0,382.23,322.0,338.46,16387.91,5808412.16
735913.0,BTCUSD,338.46,341.75,293.32,307.54,17757.39,5596526.74
735914.0,BTCUSD,307.54,344.99,307.25,336.19,15695.79,5150951.91
735915.0,BTCUSD,336.19,343.0,325.0,335.0,10519.03,3524031.49
735916.0,BTCUSD,335.0,339.57,329.4,333.49,5960.51,1993712.42
735917.0,BTCUSD,333.49,336.46,320.0,321.13,6242.57,2042181.14
735918.0,BTCUSD,321.13,334.1,316.12,332.1,7340.55,2388564.1
735919.0,BTCUSD,332.1,340.72,330.1,336.0,7247.61,2435724.03
735920.0,BTCUSD,336.0,338.0,330.0,336.59,5173.52,1730599.43
735921.0,BTCUSD,336.59,336.59,324.9,325.5,6700.81,2213544.98
735922.0,BTCUSD,325.5,327.12,311.23,321.85,9224.03,2950546.24
735923.0,BTCUSD,321.85,328.0,316.33,325.22,5147.59,1666020.3
735924.0,BTCUSD,325.22,327.0,321.0,323.59,3378.49,1094959.85
735925.0,BTCUSD,323.59,326.0,322.0,323.01,4748.68,1537847.99
735926.0,BTCUSD,323.01,323.17,318.0,319.49,5194.49,1669246.72
735927.0,BTCUSD,319.49,330.06,316.26,328.07,7794.68,2524344.05
735928.0,BTCUSD,328.07,368.18,328.03,356.88,13908.21,4820726.55
735929.0,BTCUSD,356.88,364.46,347.96,359.99,7373.93,2632396.27
735930.0,BTCUSD,359.99,360.0,351.09,355.94,5518.0,1960030.5
735931.0,BTCUSD,355.94,373.63,354.26,371.04,5194.56,1886836.8
735932.0,BTCUSD,371.04,382.87,367.0,378.23,11431.2,4295141.92
735933.0,BTCUSD,378.23,378.94,354.6,362.56,9357.22,3423256.15
735934.0,BTCUSD,362.56,363.06,349.59,360.23,8231.07,2933751.25
735935.0,BTCUSD,360.23,369.99,356.52,361.33,7200.93,2616658.73
735936.0,BTCUSD,361.33,364.85,355.43,363.25,5828.13,2105311.65
735937.0,BTCUSD,363.25,390.0,363.25,387.0,8615.5,3238953.02
735938.0,BTCUSD,387.0,401.01,375.22,393.26,9400.68,3688924.73
735939.0,BTCUSD,393.26,397.57,383.0,395.28,7450.8,2925052.19
735940.0,BTCUSD,395.28,409.2,386.69,409.2,6706.2,2650822.8
735941.0,BTCUSD,409.2,425.0,401.0,417.44,14296.19,5923286.43
735942.0,BTCUSD,417.44,419.5,408.0,416.18,6848.2,2848181.35
735943.0,BTCUSD,416.18,452.73,415.67,451.34,13066.6,5707813.63
735944.0,BTCUSD,451.34,469.34,403.0,436.01,28635.94,12493274.54
735945.0,BTCUSD,436.01,443.83,419.42,436.29,6428.01,2801886.68
735946.0,BTCUSD,436.29,450.0,429.12,441.98,160540.99,71246836.97
735947.0,BTCUSD,441.98,464.95,441.77,463.64,10524.31,4804681.48
735948.0,BTCUSD,463.64,464.73,440.0,453.63,35969.03,16373751.57
735949.0,BTCUSD,453.63,456.33,446.01,455.5,6187.21,2802476.5
735950.0,BTCUSD,455.5,465.1,453.28,462.5,4930.71,2269506.57
735951.0,BTCUSD,462.5,465.6,451.58,460.9,6946.83,3201413.25
735952.0,BTCUSD,460.9,461.4,430.0,442.26,8251.43,3677038.1
735953.0,BTCUSD,442.26,444.44,424.66,436.61,6840.03,2975490.47
735954.0,BTCUSD,436.61,442.0,432.58,434.88,6466.68,2824300.2
735955.0,BTCUSD,434.88,445.11,428.29,443.77,7455.28,3269700.45
735956.0,BTCUSD,443.77,460.0,442.0,456.0,7020.69,3188793.34
735957.0,BTCUSD,456.0,458.99,450.01,456.09,3442.71,1567809.63
735958.0,BTCUSD,456.09,458.29,410.0,419.76,13272.92,5695782.79
735959.0,BTCUSD,419.76,429.85,410.02,425.01,5562.86,2343122.3
735960.0,BTCUSD,425.01,429.9,418.0,421.28,6864.21,2913800.23
735961.0,BTCUSD,421.28,433.0,419.31,432.59,6013.97,2564563.51
735962.0,BTCUSD,432.59,434.99,422.35,428.2,5066.16,2176128.38
735963.0,BTCUSD,428.2,434.0,419.04,430.12,6396.83,2735415.63
735964.0,BTCUSD,430.12,437.15,427.92,435.43,3894.26,1686757.39
735965.0,BTCUSD,435.43,437.56,432.41,435.74,3278.08,1426939.51
735966.0,BTCUSD,435.74,435.88,425.02,432.51,3920.35,1688824.56
735967.0,BTCUSD,432.51,435.79,431.37,433.42,5836.26,2532533.29
735968.0,BTCUSD,433.42,435.51,430.0,432.67,5120.61,2218755.4
735969.0,BTCUSD,432.67,433.46,428.15,432.44,5369.1,2318672.51
735970.0,BTCUSD,432.44,458.68,430.21,458.49,12531.7,5637785.2
735971.0,BTCUSD,458.49,464.4,447.53,454.06,9564.11,4368140.37
735972.0,BTCUSD,454.06,456.0,447.66,451.07,4194.88,1896757.44
735973.0,BTCUSD,451.07,451.45,442.96,449.14,3885.82,1736428.18
735974.0,BTCUSD,449.14,452.65,445.88,449.33,5572.68,2503083.94
735975.0,BTCUSD,449.33,449.49,445.22,446.57,5739.9,2567018.77
735976.0,BTCUSD,446.57,446.57,425.0,432.68,9754.5,4212281.54
735977.0,BTCUSD,432.68,435.27,428.0,429.69,5499.3,2375810.73
735978.0,BTCUSD,429.69,430.67,359.8,373.43,27319.74,10862409.27
735979.0,BTCUSD,373.43,387.81,350.92,386.57,18198.94,6743136.29
735980.0,BTCUSD,386.57,391.0,378.42,381.01,8757.44,3377012.19
735981.0,BTCUSD,381.01,386.1,370.1,383.14,8946.25,3399845.35
735982.0,BTCUSD,383.14,385.5,370.0,375.96,8030.16,3046483.04
735983.0,BTCUSD,375.96,425.1,369.0,413.88,13499.26,5361492.24
735984.0,BTCUSD,413.88,424.78,403.21,408.97,9143.04,3777526.39
735985.0,BTCUSD,408.97,413.99,373.86,383.01,13321.19,5228249.9
735986.0,BTCUSD,383.01,398.72,380.26,389.52,6279.09,2450742.09
735987.0,BTCUSD,389.52,406.93,385.0,403.45,3630.65,1451785.99
735988.0,BTCUSD,403.45,403.94,386.41,392.91,6384.0,2516592.93
735989.0,BTCUSD,392.91,397.0,387.78,389.21,6856.0,2694178.75
735990.0,BTCUSD,389.21,397.18,388.77,394.93,6264.62,2469329.53
735991.0,BTCUSD,394.93,395.0,377.12,379.96,8864.29,3408772.87
735992.0,BTCUSD,379.96,385.05,363.25,379.39,11940.43,4488371.77
735993.0,BTCUSD,379.39,382.04,375.0,379.23,4283.56,1623147.42
735994.0,BTCUSD,379.23,382.5,367.33,369.82,5059.48,1913002.46
735995.0,BTCUSD,369.82,379.0,365.0,370.62,8101.5,3012667.05
735996.0,BTCUSD,370.62,374.41,370.58,372.85,6889.93,2568773.99
735997.0,BTCUSD,372.85,373.01,365.63,367.0,6937.95,2570982.85
735998.0,BTCUSD,367.0,390.63,366.96,390.08,8968.44,3404242.55
735999.0,BTCUSD,390.08,390.49,382.99,384.46,7303.25,2818899.27
736000.0,BTCUSD,384.46,384.54,370.05,374.92,6314.53,2375552.75
736001.0,BTCUSD,374.92,379.81,373.24,377.77,4054.75,1525629.4
736002.0,BTCUSD,377.77,379.35,370.5,370.68,7080.05,2654777.81
736003.0,BTCUSD,370.68,374.93,370.13,372.9,8438.16,3139974.15
736004.0,BTCUSD,372.9,383.34,371.87,378.56,9666.55,3636013.93
736005.0,BTCUSD,378.56,379.5,361.1,376.89,10074.12,3779575.26
736006.0,BTCUSD,376.89,382.0,376.51,381.97,6215.18,2360918.55
736007.0,BTCUSD,381.97,396.0,381.26,388.37,5660.69,2198312.71
736008.0,BTCUSD,388.37,404.54,388.2,404.53,7458.72,2973028.96
736009.0,BTCUSD,404.53,409.09,394.03,399.11,6695.34,2693303.79
736010.0,BTCUSD,399.11,407.5,390.0,406.89,5323.92,2150298.0
736011.0,BTCUSD,406.89,420.13,405.69,416.26,8502.56,3528038.43
736012.0,BTCUSD,416.26,423.2,414.24,421.32,6479.33,2715762.02
736013.0,BTCUSD,421.32,422.0,416.0,419.06,5578.81,2340007.53
736014.0,BTCUSD,419.06,444.03,418.87,441.89,9441.56,4075360.79
736015.0,BTCUSD,441.89,448.7,426.01,438.15,7102.0,3102226.52
736016.0,BTCUSD,438.15,439.0,431.12,436.9,4932.6,2152669.15
736017.0,BTCUSD,436.9,440.9,414.16,420.03,9076.31,3868142.62
736018.0,BTCUSD,420.03,425.6,410.0,422.79,6934.44,2920576.74
736019.0,BTCUSD,422.79,426.4,418.6,423.75,6142.27,2596770.14
736020.0,BTCUSD,423.75,427.5,419.53,427.5,6217.74,2631134.89
736021.0,BTCUSD,427.5,434.97,427.5,432.51,5949.61,2570563.82
736022.0,BTCUSD,432.51,436.07,423.0,433.69,5071.23,2182767.92
736023.0,BTCUSD,433.69,442.0,431.13,436.45,7535.1,3287254.43
736024.0,BTCUSD,436.45,437.78,427.5,432.4,7349.19,3184550.69
736025.0,BTCUSD,432.4,435.36,423.35,423.69,6890.75,2967208.52
736026.0,BTCUSD,423.69,424.12,408.63,418.82,12228.78,5105670.76
736027.0,BTCUSD,418.82,422.21,405.5,408.93,8492.44,3535081.86
736028.0,BTCUSD,408.93,409.12,381.09,396.79,14742.66,5847569.98
736029.0,BTCUSD,396.79,409.27,385.01,403.48,7664.91,3074340.76
736030.0,BTCUSD,403.48,418.74,395.0,415.43,9434.21,3845660.52
736031.0,BTCUSD,415.43,416.33,407.4,411.23,7850.91,3232928.14
736032.0,BTCUSD,411.23,414.0,408.75,412.83,5410.66,2226880.23
736033.0,BTCUSD,412.83,416.52,410.71,416.24,7970.87,3300034.87
736034.0,BTCUSD,416.24,421.0,414.97,418.81,7040.51,2946607.88
736035.0,BTCUSD,418.81,421.3,406.52,410.33,6891.43,2846821.99
736036.0,BTCUSD,410.33,416.38,410.01,413.15,4431.74,1828890.19
736037.0,BTCUSD,413.15,415.84,411.61,414.01,6549.22,2708187.38
736038.0,BTCUSD,414.01,416.94,412.48,414.65,7532.52,3126788.55
736039.0,BTCUSD,414.65,416.39,413.0,415.93,6308.13,2618854.02
736040.0,BTCUSD,415.93,419.75,415.7,418.5,6120.06,2559459.47
736041.0,BTCUSD,418.5,418.75,399.21,409.96,8382.0,3447830.71
736042.0,BTCUSD,409.96,411.0,404.72,410.55,4852.39,1980200.71
736043.0,BTCUSD,410.55,415.34,409.36,413.58,4477.72,1843773.44
736044.0,BTCUSD,413.58,413.97,406.89,411.38,6084.87,2494190.41
736045.0,BTCUSD,411.38,417.79,410.68,416.42,6117.22,2541950.63
736046.0,BTCUSD,416.42,418.99,413.95,417.3,5342.24,2226803.98
736047.0,BTCUSD,417.3,417.72,412.79,413.76,4794.87,1993751.26
736048.0,BTCUSD,413.76,416.7,410.0,416.57,4875.68,2021080.87
736049.0,BTCUSD,416.57,417.77,414.37,416.7,3682.76,1533781.53
736050.0,BTCUSD,416.7,426.5,416.35,425.03,4594.78,1940155.25
736051.0,BTCUSD,425.03,425.36,419.63,422.42,5492.02,2320926.19
736052.0,BTCUSD,422.42,424.62,407.75,416.5,7317.48,3047246.14
736053.0,BTCUSD,416.5,416.5,407.56,412.5,5765.16,2380073.51
736054.0,BTCUSD,412.5,417.6,412.07,416.44,5344.55,2218841.86
736055.0,BTCUSD,416.44,417.5,414.12,417.33,5212.94,2170486.57
736056.0,BTCUSD,417.33,420.5,416.91,419.9,3991.16,1673424.93
736057.0,BTCUSD,419.9,420.8,418.33,420.07,3187.89,1337848.34
736058.0,BTCUSD,420.07,421.0,417.58,419.31,5277.54,2212959.07
736059.0,BTCUSD,419.31,423.43,418.01,422.18,5604.98,2361396.67
736060.0,BTCUSD,422.18,423.0,420.61,421.57,5243.72,2213157.47
736061.0,BTCUSD,421.57,422.74,419.41,421.58,4917.13,2072431.63
736062.0,BTCUSD,421.58,424.65,415.71,418.97,6506.86,2743775.38
736063.0,BTCUSD,418.97,419.79,415.51,419.49,3511.16,1468945.96
736064.0,BTCUSD,419.49,423.99,419.44,423.48,2948.7,1244909.01
736065.0,BTCUSD,423.48,424.0,420.15,423.28,5009.04,2117125.41
736066.0,BTCUSD,423.28,429.77,423.1,428.27,6812.33,2907201.42
736067.0,BTCUSD,428.27,429.4,423.59,425.53,5787.14,2468462.78
736068.0,BTCUSD,425.53,428.0,424.52,426.1,4617.53,1966406.52
736069.0,BTCUSD,426.1,431.1,425.72,430.92,4175.37,1791181.48
736070.0,BTCUSD,430.92,434.89,430.53,434.72,1730.36,748087.54
736071.0,BTCUSD,434.72,434.72,434.72,434.72,0.0,0.0
736072.0,BTCUSD,434.72,434.72,429.1,429.57,139.8,60031.95
736073.0,BTCUSD,429.57,438.2,429.22,436.87,6212.91,2681613.14
736074.0,BTCUSD,436.87,444.07,436.04,442.85,7114.19,3128412.21
736075.0,BTCUSD,442.85,453.8,441.99,452.65,7531.59,3365996.83
736076.0,BTCUSD,452.65,453.0,445.07,448.29,6870.06,3082191.18
736077.0,BTCUSD,448.29,455.69,447.03,453.94,4481.16,2019150.36
736078.0,BTCUSD,453.94,465.0,453.58,463.85,6180.74,2840688.36
736079.0,BTCUSD,463.85,472.38,454.65,467.41,9306.65,4325319.17
736080.0,BTCUSD,467.41,472.11,464.01,470.37,7344.64,3441487.73
736081.0,BTCUSD,470.37,470.79,440.94,446.85,10691.12,4909118.45
736082.0,BTCUSD,446.85,451.51,434.79,451.3,7939.68,3536917.29
736083.0,BTCUSD,451.3,458.83,448.5,457.74,5909.5,2679310.19
736084.0,BTCUSD,457.74,459.44,450.13,453.48,4567.43,2083035.19
736085.0,BTCUSD,453.48,457.07,451.55,456.51,2816.73,1281722.26
736086.0,BTCUSD,456.51,457.63,440.02,445.61,7490.69,3350422.52
736087.0,BTCUSD,445.61,453.29,443.61,452.68,5775.57,2592096.64
736088.0,BTCUSD,452.68,453.23,446.76,449.06,4753.32,2136179.35
736089.0,BTCUSD,449.06,451.56,447.0,450.39,5325.87,2393275.71
736090.0,BTCUSD,450.39,463.73,448.84,462.87,6193.93,2820386.46
736091.0,BTCUSD,462.87,464.0,459.55,462.2,3402.33,1570250.33
736092.0,BTCUSD,462.2,465.0,457.5,461.91,3177.35,1464937.58
736093.0,BTCUSD,461.91,465.9,459.41,464.24,5737.41,2652946.26
736094.0,BTCUSD,464.24,465.0,448.2,452.92,4304.4,1975875.9
736095.0,BTCUSD,456.92,458.65,452.5,454.46,4844.47,2207185.42
736096.0,BTCUSD,454.46,456.57,449.27,455.83,6050.97,2738690.74
736097.0,BTCUSD,455.83,458.03,453.84,457.49,5241.18,2391925.8
736098.0,BTCUSD,457.49,459.83,456.0,458.99,3392.13,1553409.24
736099.0,BTCUSD,458.99,463.62,458.49,462.26,3196.59,1472135.58
736100.0,BTCUSD,462.26,462.26,451.48,456.78,5923.76,2712753.4
736101.0,BTCUSD,456.78,457.49,452.2,453.62,5953.21,2711130.67
736102.0,BTCUSD,453.62,457.88,452.86,455.19,5391.97,2459796.85
736103.0,BTCUSD,455.19,456.41,440.1,442.41,7798.06,3501193.65
736104.0,BTCUSD,442.41,445.5,435.0,444.27,7675.16,3394436.43
736105.0,BTCUSD,444.27,446.99,441.88,446.14,3918.03,1745637.84
736106.0,BTCUSD,446.14,446.45,440.89,442.54,3726.99,1655241.02
736107.0,BTCUSD,442.54,445.59,440.79,444.88,5542.63,2458963.61
736108.0,BTCUSD,444.88,448.5,440.5,446.5,6001.0,2677125.41
736109.0,BTCUSD,446.5,452.42,445.99,451.78,6037.6,2716614.34
736110.0,BTCUSD,451.78,454.99,449.0,454.68,5587.71,2527076.0
736111.0,BTCUSD,454.68,476.75,454.35,470.94,9644.73,4522675.23
736112.0,BTCUSD,470.94,539.49,470.04,528.04,11586.13,5788352.77
736113.0,BTCUSD,528.04,549.99,492.35,524.7,9381.73,4930193.25
736114.0,BTCUSD,524.7,541.0,519.0,533.0,5894.76,3131497.89
736115.0,BTCUSD,533.0,544.9,520.01,531.47,8448.61,4496495.27
736116.0,BTCUSD,531.47,541.5,524.39,536.99,5478.68,2922686.73
736117.0,BTCUSD,536.99,541.2,531.86,538.53,6248.35,3349006.03
736118.0,BTCUSD,538.53,578.0,535.96,570.0,10135.11,5672990.35
736119.0,BTCUSD,570.0,594.64,564.29,575.56,6847.53,3944860.78
736120.0,BTCUSD,575.56,585.0,570.22,574.86,4866.6,2811921.79
736121.0,BTCUSD,574.86,588.15,574.0,585.99,6635.45,3869493.69
736122.0,BTCUSD,585.99,590.95,483.78,579.33,9110.13,5289902.04
736123.0,BTCUSD,579.33,583.99,572.96,583.23,5751.01,3330702.3
736124.0,BTCUSD,583.23,583.5,574.0,578.56,4719.51,2730407.8
736125.0,BTCUSD,578.56,581.0,573.5,579.5,5432.41,3141476.68
736126.0,BTCUSD,579.5,596.12,579.48,595.82,4463.04,2615377.16
736127.0,BTCUSD,595.82,687.71,595.82,674.26,18409.56,11852640.28
736128.0,BTCUSD,674.26,720.0,663.55,706.0,15500.22,10740029.7
736129.0,BTCUSD,706.0,706.45,650.02,684.9,12050.21,8228610.4
736130.0,BTCUSD,684.9,696.03,673.0,694.83,7656.06,5256442.86
736131.0,BTCUSD,694.83,777.68,693.1,770.21,16649.33,12322269.68
736132.0,BTCUSD,770.21,778.49,709.01,753.0,13928.19,10451683.63
736133.0,BTCUSD,753.0,785.15,734.8,760.08,9677.71,7341652.9
736134.0,BTCUSD,760.08,771.92,744.77,767.98,5413.23,4106127.6
736135.0,BTCUSD,767.98,768.99,702.0,730.42,9099.01,6780381.01
736136.0,BTCUSD,730.42,730.42,628.6,669.99,25171.26,17039092.22
736137.0,BTCUSD,669.99,679.99,590.12,594.68,14351.89,9215679.86
736138.0,BTCUSD,594.68,637.89,544.13,630.87,21194.12,12631517.21
736139.0,BTCUSD,630.87,700.0,628.16,668.6,18903.55,12639701.32
736140.0,BTCUSD,668.6,699.0,650.0,677.72,7561.42,5138558.54
736141.0,BTCUSD,677.72,677.72,625.01,639.13,5565.32,3597993.06
736142.0,BTCUSD,639.13,659.98,630.0,650.31,6616.65,4270256.27
736143.0,BTCUSD,650.31,663.53,638.0,647.63,5798.99,3776746.69
736144.0,BTCUSD,647.63,648.73,630.02,639.22,6421.22,4098114.99
736145.0,BTCUSD,639.22,675.0,635.14,672.45,7731.39,5091051.39
736146.0,BTCUSD,672.45,688.99,667.0,680.61,6673.16,4525534.12
736147.0,BTCUSD,680.61,701.85,676.92,701.23,4907.19,3391323.72
736148.0,BTCUSD,701.23,705.25,651.0,669.0,6215.11,4199341.12
736149.0,BTCUSD,669.0,683.69,653.16,679.0,4199.62,2827572.02
736150.0,BTCUSD,679.0,682.37,662.51,668.45,5141.85,3461775.69
736151.0,BTCUSD,668.45,680.79,665.0,678.0,5543.33,3736947.04
736152.0,BTCUSD,678.0,683.44,611.94,640.3,12156.93,7798258.05
736153.0,BTCUSD,640.3,666.54,638.04,666.5,10981.41,7141159.48
736154.0,BTCUSD,666.5,667.33,608.0,658.78,9520.73,6202949.98
736155.0,BTCUSD,658.78,659.25,641.0,652.54,3699.48,2407231.52
736156.0,BTCUSD,652.54,664.27,648.11,651.7,4630.65,3023090.24
736157.0,BTCUSD,651.7,675.5,648.6,674.02,10423.17,6859929.91
736158.0,BTCUSD,674.02,674.19,657.5,662.57,21618.43,14361603.83
736159.0,BTCUSD,662.57,663.99,640.0,661.41,4955.76,3266545.25
736160.0,BTCUSD,661.41,669.98,660.54,668.28,4686.98,3119097.11
736161.0,BTCUSD,668.28,669.99,662.01,666.45,2872.13,1915312.44
736162.0,BTCUSD,666.45,680.99,665.95,679.08,3819.81,2573871.67
736163.0,BTCUSD,679.08,684.94,670.0,675.4,4582.8,3108008.62
736164.0,BTCUSD,675.4,676.87,666.17,673.89,3733.43,2510801.57
736165.0,BTCUSD,673.89,674.99,664.6,667.94,3486.04,2335170.04
736166.0,BTCUSD,667.94,668.4,661.39,667.73,3919.21,2609755.05
736167.0,BTCUSD,667.73,669.94,647.59,653.69,7254.06,4791082.4
736168.0,BTCUSD,653.69,662.35,652.81,658.19,4498.7,2960209.02
736169.0,BTCUSD,658.19,666.37,655.01,660.27,3383.4,2233680.61
736170.0,BTCUSD,660.27,664.13,653.77,657.39,3970.26,2611713.27
736171.0,BTCUSD,657.39,658.99,645.0,657.73,6215.23,4068730.74
736172.0,BTCUSD,657.73,658.99,646.56,657.04,5288.49,3462044.31
736173.0,BTCUSD,657.04,659.97,654.1,656.67,3888.88,2555946.76
736174.0,BTCUSD,656.67,659.0,651.0,657.27,4269.56,2803924.32
736175.0,BTCUSD,657.27,658.98,652.95,656.32,2979.62,1957560.08
736176.0,BTCUSD,656.32,657.0,622.08,623.14,5869.42,3745793.18
736177.0,BTCUSD,623.14,629.34,600.0,603.97,7951.79,4918231.38
736178.0,BTCUSD,603.97,613.38,483.0,515.38,14299.83,8254371.69
736179.0,BTCUSD,515.38,576.0,515.0,576.0,20710.53,11417833.73
736180.0,BTCUSD,576.0,599.95,562.11,585.0,9496.02,5521038.79
736181.0,BTCUSD,585.0,592.87,570.39,582.98,5558.28,3219513.82
736182.0,BTCUSD,582.98,590.99,574.5,590.98,3890.34,2268098.84
736183.0,BTCUSD,590.98,598.65,587.2,593.9,3244.91,1927584.02
736184.0,BTCUSD,593.9,595.99,590.0,591.91,3721.63,2208433.23
736185.0,BTCUSD,591.91,594.04,585.96,588.13,4827.98,2846572.57
736186.0,BTCUSD,588.13,601.09,583.29,593.24,9234.0,5457584.82
736187.0,BTCUSD,593.24,599.99,585.6,589.22,5030.02,2979021.94
736188.0,BTCUSD,589.22,590.09,583.62,587.82,3855.08,2264521.86
736189.0,BTCUSD,587.82,589.5,586.0,586.0,2839.55,1669101.73
736190.0,BTCUSD,586.0,586.55,565.19,572.43,4071.02,2343107.33
736191.0,BTCUSD,572.43,575.0,561.56,568.09,4407.58,2508272.91
736192.0,BTCUSD,568.09,581.99,566.09,581.97,4584.07,2630165.08
736193.0,BTCUSD,581.97,581.99,569.67,573.83,4431.2,2549689.52
736194.0,BTCUSD,573.83,576.99,573.0,573.99,3833.7,2204947.25
736195.0,BTCUSD,573.99,576.99,572.68,574.49,3838.87,2207140.16
736196.0,BTCUSD,574.49,583.21,572.38,583.21,3667.93,2121339.89
736197.0,BTCUSD,583.21,583.99,579.34,580.65,2477.96,1441463.26
736198.0,BTCUSD,580.65,586.99,579.22,585.12,4431.22,2584764.31
736199.0,BTCUSD,585.12,586.77,577.47,582.58,5095.11,2967258.3
736200.0,BTCUSD,582.58,582.68,575.29,578.92,3811.25,2208611.93
736201.0,BTCUSD,578.92,579.03,573.12,576.16,4119.58,2371117.85
736202.0,BTCUSD,576.16,579.86,574.85,578.89,3331.47,1925178.92
736203.0,BTCUSD,578.89,579.45,568.95,570.42,3037.12,1743045.86
736204.0,BTCUSD,570.42,574.99,569.65,574.83,2562.59,1466972.43
736205.0,BTCUSD,574.83,577.73,571.24,573.0,4541.78,2607534.39
736206.0,BTCUSD,573.0,576.83,572.53,574.79,4160.45,2391387.06
736207.0,BTCUSD,574.79,575.15,569.21,571.59,4385.72,2510270.46
736208.0,BTCUSD,571.59,573.32,568.12,571.96,5080.94,2902643.32
736209.0,BTCUSD,571.96,577.97,570.0,575.38,4869.74,2795447.84
736210.0,BTCUSD,575.38,600.99,574.67,600.58,4728.62,2763385.93
736211.0,BTCUSD,600.58,617.13,597.52,611.82,4608.39,2804791.32
736212.0,BTCUSD,611.82,611.99,601.63,606.19,2988.3,1814485.21
736213.0,BTCUSD,606.19,612.8,605.47,612.37,4143.07,2524594.99
736214.0,BTCUSD,612.37,618.53,609.21,614.59,4593.72,2819296.64
736215.0,BTCUSD,614.59,631.3,613.43,628.77,5252.72,3278225.35
736216.0,BTCUSD,628.77,628.77,618.25,622.6,4453.85,2772916.5
736217.0,BTCUSD,622.6,626.54,620.59,625.1,2734.98,1705058.58
736218.0,BTCUSD,625.1,630.11,591.8,607.25,4323.03,2664770.82
736219.0,BTCUSD,607.25,609.45,603.0,607.48,3922.28,2380333.51
736220.0,BTCUSD,607.48,609.99,605.16,608.24,3853.46,2342874.14
736221.0,BTCUSD,608.24,611.99,607.59,608.95,3746.32,2284331.22
736222.0,BTCUSD,608.95,609.49,603.85,607.01,3809.3,2315135.76
736223.0,BTCUSD,607.01,608.1,603.15,607.75,4232.67,2568415.72
736224.0,BTCUSD,607.75,608.99,604.0,607.83,2874.48,1746050.77
736225.0,BTCUSD,607.83,611.93,607.22,610.99,3099.56,1888621.18
736226.0,BTCUSD,610.99,612.46,607.4,608.94,3011.09,1835075.42
736227.0,BTCUSD,608.94,609.88,607.15,608.98,4275.58,2602065.54
736228.0,BTCUSD,608.98,609.92,592.63,596.95,5205.29,3115266.96
736229.0,BTCUSD,596.95,598.54,594.78,595.25,3983.13,2376886.2
736230.0,BTCUSD,595.25,603.3,595.14,602.68,3773.33,2262379.54
736231.0,BTCUSD,602.68,605.94,601.08,603.69,2661.79,1607181.22
736232.0,BTCUSD,603.69,605.99,599.42,601.35,2528.64,1522742.99
736233.0,BTCUSD,601.35,607.99,600.02,606.82,4220.87,2556428.88
736234.0,BTCUSD,606.82,607.54,601.38,605.3,4356.03,2635285.4
736235.0,BTCUSD,605.3,606.0,603.18,604.98,3650.93,2207748.0
736236.0,BTCUSD,604.98,606.89,603.56,605.07,4060.87,2458807.98
736237.0,BTCUSD,605.07,607.65,604.92,607.65,4626.36,2803982.57
736238.0,BTCUSD,607.65,617.19,607.6,616.0,3487.91,2140381.54
736239.0,BTCUSD,616.0,616.0,608.66,612.41,2898.23,1775073.57
736240.0,BTCUSD,612.41,615.24,610.7,612.95,4282.64,2624932.5
736241.0,BTCUSD,612.95,613.23,606.93,609.25,4959.1,3027774.37
736242.0,BTCUSD,609.25,614.24,609.22,613.35,4427.98,2709843.55
736243.0,BTCUSD,613.35,613.44,610.3,611.83,3868.36,2369472.57
736244.0,BTCUSD,611.83,618.7,609.89,617.32,5081.4,3125858.04
736245.0,BTCUSD,617.32,620.0,617.1,619.59,2798.31,1731592.52
736246.0,BTCUSD,619.59,619.59,617.0,617.58,2294.62,1418866.11
736247.0,BTCUSD,617.58,619.2,615.46,618.31,3855.57,2380713.85
736248.0,BTCUSD,618.31,643.83,618.08,643.83,6127.14,3870511.76
736249.0,BTCUSD,643.83,647.03,631.91,636.92,4493.04,2871479.02
736250.0,BTCUSD,636.92,639.85,632.0,635.86,3867.82,2461476.07
736251.0,BTCUSD,635.86,639.99,624.08,638.0,4411.45,2802101.88
736252.0,BTCUSD,638.0,639.99,636.0,637.51,684.15,436821.9
736253.0,BTCUSD,637.51,643.91,637.51,642.53,2461.82,1579872.51
736254.0,BTCUSD,642.53,643.47,636.27,638.96,3898.77,2493378.81
736255.0,BTCUSD,638.96,640.0,632.15,634.97,4078.62,2598863.48
736256.0,BTCUSD,634.97,636.99,625.6,629.68,4495.62,2837107.66
736257.0,BTCUSD,629.68,629.99,626.01,627.83,4066.85,2555702.95
736258.0,BTCUSD,627.83,633.41,627.5,629.76,4216.33,2655664.75
736259.0,BTCUSD,629.76,658.0,629.32,655.0,4535.76,2917971.98
736260.0,BTCUSD,655.0,655.8,645.33,650.54,3031.31,1974217.69
736261.0,BTCUSD,650.54,652.93,645.81,649.75,3631.3,2357292.33
736262.0,BTCUSD,649.75,657.5,648.99,649.07,4776.95,3123004.67
736263.0,BTCUSD,649.07,678.0,649.07,674.0,5829.22,3880856.87
736264.0,BTCUSD,674.0,692.01,673.28,685.57,6528.32,4465307.96
736265.0,BTCUSD,685.57,692.41,683.2,689.65,4606.4,3168209.12
736266.0,BTCUSD,689.65,725.64,688.89,717.9,6530.77,4645482.26
736267.0,BTCUSD,717.9,718.0,692.04,697.65,3731.47,2630815.45
736268.0,BTCUSD,697.65,709.68,681.01,699.68,4483.62,3133094.23
736269.0,BTCUSD,699.68,737.5,695.74,731.16,6901.4,4982875.37
736270.0,BTCUSD,731.16,735.5,720.0,735.5,4900.69,3560421.63
736271.0,BTCUSD,735.5,746.16,672.06,688.93,10308.26,7355902.02
736272.0,BTCUSD,688.93,708.33,683.8,705.7,5339.37,3732823.45
736273.0,BTCUSD,705.7,707.99,697.72,706.9,2994.26,2110536.08
736274.0,BTCUSD,706.9,719.83,705.86,716.83,2954.12,2103012.77
736275.0,BTCUSD,716.83,718.2,701.35,706.82,4063.11,2875930.33
736276.0,BTCUSD,706.82,716.45,704.16,712.57,4426.48,3141454.62
736277.0,BTCUSD,712.57,747.26,710.05,721.0,11991.35,8761367.79
736278.0,BTCUSD,721.0,723.61,705.84,712.28,4382.38,3129512.48
736279.0,BTCUSD,712.28,718.99,711.56,714.77,3334.54,2384291.54
736280.0,BTCUSD,714.77,716.99,702.42,704.67,3125.27,2215860.74
736281.0,BTCUSD,704.67,705.94,685.7,703.98,4166.31,2902831.61
736282.0,BTCUSD,703.98,708.57,695.07,705.52,4797.58,3370257.82
736283.0,BTCUSD,705.52,716.3,671.23,712.41,4403.4,3120205.49
736284.0,BTCUSD,712.41,743.8,710.0,737.55,6034.32,4395006.2
736285.0,BTCUSD,737.55,750.01,729.01,736.57,4124.02,3062565.11
736286.0,BTCUSD,736.57,751.0,728.89,747.8,4804.44,3566841.04
736287.0,BTCUSD,747.8,752.3,738.0,750.38,2981.81,2231496.42
736288.0,BTCUSD,750.38,753.81,715.0,731.0,4277.5,3141743.61
736289.0,BTCUSD,731.0,738.47,730.0,735.81,2951.25,2169609.46
736290.0,BTCUSD,735.81,748.77,726.38,747.0,3984.94,2953803.5
736291.0,BTCUSD,747.0,747.12,734.0,741.76,3627.33,2689537.69
736292.0,BTCUSD,741.76,743.99,727.0,737.99,3497.94,2578204.0
736293.0,BTCUSD,737.99,739.0,729.0,739.0,3088.94,2270107.19
736294.0,BTCUSD,739.0,739.99,726.0,735.83,2723.44,2000688.57
736295.0,BTCUSD,735.83,737.95,728.01,729.01,2613.1,1915798.65
736296.0,BTCUSD,729.01,736.44,728.74,730.27,3790.89,2772470.95
736297.0,BTCUSD,730.27,734.36,728.2,731.8,3825.88,2799548.85
736298.0,BTCUSD,731.8,745.0,729.17,742.6,3919.4,2894218.83
736299.0,BTCUSD,742.6,754.9,741.59,753.57,4159.29,3114420.63
736300.0,BTCUSD,753.57,780.0,753.26,771.54,5889.3,4521958.99
736301.0,BTCUSD,771.54,772.53,759.0,766.52,3289.9,2521958.71
736302.0,BTCUSD,766.52,769.76,762.83,766.96,2659.75,2037566.09
736303.0,BTCUSD,766.96,767.99,748.6,753.36,4829.26,3648661.03
736304.0,BTCUSD,753.36,757.15,752.0,755.73,1222.47,923340.9
736305.0,BTCUSD,764.3,768.9,762.21,766.07,2170.38,1662439.28
736306.0,BTCUSD,766.07,772.82,761.71,768.35,4743.95,3648295.87
736307.0,BTCUSD,768.35,772.87,765.83,771.77,3916.95,3016303.89
736308.0,BTCUSD,771.77,776.99,770.0,775.98,3431.35,2657798.79
736309.0,BTCUSD,775.98,776.18,765.0,770.9,3060.01,2355251.21
736310.0,BTCUSD,770.9,782.0,770.76,778.71,4353.46,3385595.47
736311.0,BTCUSD,778.71,790.3,772.76,779.79,5304.5,4143122.68
736312.0,BTCUSD,779.79,781.8,773.2,777.72,4488.82,3493421.26
736313.0,BTCUSD,777.72,780.0,775.0,775.0,5877.17,4575180.55
736314.0,BTCUSD,775.0,785.0,774.8,785.0,5541.5,4322740.99
736315.0,BTCUSD,785.0,791.97,779.5,790.07,4379.17,3450804.04
736316.0,BTCUSD,790.07,791.96,787.19,790.0,3023.1,2388142.87
736317.0,BTCUSD,790.0,794.99,789.0,789.91,5344.13,4234769.73
736318.0,BTCUSD,789.91,798.0,788.58,797.99,5825.84,4611344.9
736319.0,BTCUSD,797.99,832.0,797.98,828.58,8332.09,6794258.56
736320.0,BTCUSD,828.58,875.75,826.23,858.01,8904.03,7609856.54
736321.0,BTCUSD,858.01,918.0,853.6,915.5,12611.27,11303139.03
736322.0,BTCUSD,915.5,918.5,880.1,887.0,6494.37,5864390.24
736323.0,BTCUSD,887.0,897.09,851.11,896.73,5217.17,4546899.0
736324.0,BTCUSD,896.73,908.24,890.0,901.98,3337.4,3003307.27
736325.0,BTCUSD,901.98,943.36,895.0,921.59,6605.24,6094439.4
736326.0,BTCUSD,921.59,981.92,921.58,981.92,9644.81,9189366.89
736327.0,BTCUSD,981.92,988.88,950.5,976.75,8959.68,8712140.87
736328.0,BTCUSD,976.75,978.77,930.3,962.63,8055.58,7702979.43
736329.0,BTCUSD,962.63,971.53,949.0,970.47,3880.36,3726585.44
736330.0,BTCUSD,970.47,1000.0,964.37,996.82,4380.47,4316334.81
736331.0,BTCUSD,996.82,1034.39,986.86,1019.01,7657.44,7747191.18
736332.0,BTCUSD,1019.01,1036.69,1006.71,1035.19,7970.31,8132385.54
736333.0,BTCUSD,1035.19,1147.0,1018.0,1133.0,16438.41,17860477.54
736334.0,BTCUSD,1133.0,1175.0,880.0,995.05,20433.13,21144212.3
736335.0,BTCUSD,995.05,1033.85,875.01,894.93,14144.34,13093482.53
736336.0,BTCUSD,894.93,910.0,815.36,903.7,10653.91,9275168.47
736337.0,BTCUSD,903.7,953.8,899.16,916.6,5389.5,4975845.72
736338.0,BTCUSD,916.6,923.58,886.42,905.41,5960.04,5361215.98
736339.0,BTCUSD,905.41,915.1,899.01,907.53,7012.14,6354374.73
736340.0,BTCUSD,907.53,923.98,765.0,801.5,19216.16,15981885.83
736341.0,BTCUSD,801.5,840.0,734.64,822.64,13216.41,10452842.94
736342.0,BTCUSD,822.64,835.01,782.85,830.79,10564.13,8585304.65
736343.0,BTCUSD,830.79,847.52,822.34,829.62,4693.73,3914671.89
736344.0,BTCUSD,829.62,832.95,819.0,830.0,2806.12,2318657.22
736345.0,BTCUSD,830.0,840.0,826.03,831.89,3404.59,2840684.77
736346.0,BTCUSD,831.89,909.0,830.02,907.58,7258.23,6401902.01
736347.0,BTCUSD,907.58,916.7,850.0,880.0,6654.7,5878776.11
736348.0,BTCUSD,880.0,907.0,879.2,901.0,5127.03,4602695.23
736349.0,BTCUSD,901.0,904.59,890.0,894.05,3073.67,2761266.77
736350.0,BTCUSD,894.05,930.0,891.28,925.36,4545.67,4173035.76
736351.0,BTCUSD,925.36,946.25,902.0,924.98,4915.78,4556299.91
736352.0,BTCUSD,924.98,931.33,915.31,924.24,3908.89,3608644.31
736353.0,BTCUSD,924.24,924.24,888.2,894.86,6319.11,5729993.63
736354.0,BTCUSD,894.86,903.98,880.0,896.81,4570.62,4091652.34
736355.0,BTCUSD,896.81,921.95,896.0,917.93,4673.88,4254267.65
736356.0,BTCUSD,917.93,924.47,911.0,923.4,3705.4,3408119.32
736357.0,BTCUSD,923.4,925.5,921.5,924.7,2666.66,2463831.89
736358.0,BTCUSD,924.7,927.47,915.0,917.31,2498.61,2303176.25
736359.0,BTCUSD,917.31,923.95,914.69,923.45,3678.36,3385238.81
736360.0,BTCUSD,923.45,971.24,922.83,970.92,6624.94,6298153.61
736361.0,BTCUSD,970.92,991.38,963.84,989.71,5983.96,5835316.7
736362.0,BTCUSD,989.71,1010.0,978.74,1007.66,5623.69,5602317.03
736363.0,BTCUSD,1007.66,1024.5,994.34,1016.77,6731.61,6815466.36
736364.0,BTCUSD,1016.77,1044.12,1001.8,1035.84,4823.76,4931183.65
736365.0,BTCUSD,1035.84,1036.3,1003.02,1019.31,4675.46,4765461.2
736366.0,BTCUSD,1019.31,1027.7,1014.64,1024.39,4227.33,4321741.37
736367.0,BTCUSD,1024.39,1058.26,1020.82,1053.97,5566.34,5810502.77
736368.0,BTCUSD,1053.97,1069.95,1016.49,1059.14,6899.97,7253357.3
736369.0,BTCUSD,1059.14,1079.0,925.0,985.0,16261.21,16232978.41
736370.0,BTCUSD,985.0,1008.0,961.0,1003.97,7992.25,7864512.76
736371.0,BTCUSD,1003.97,1023.89,995.49,1018.43,4377.32,4428942.37
736372.0,BTCUSD,1018.43,1019.1,1008.0,1010.0,1314.42,1331571.04
736373.0,BTCUSD,1010.0,1021.5,985.68,1002.56,4669.88,4682457.91
736374.0,BTCUSD,1002.56,1018.97,992.27,1012.23,5719.72,5765364.55
736375.0,BTCUSD,1012.23,1016.0,1007.66,1014.53,4421.87,4477611.54
736376.0,BTCUSD,1014.53,1041.88,1013.02,1038.94,5993.8,6169767.63
736377.0,BTCUSD,1038.94,1064.6,1036.29,1057.3,6333.71,6667247.58
736378.0,BTCUSD,1057.3,1073.8,1055.6,1062.15,3934.58,4193929.1
736379.0,BTCUSD,1062.15,1067.78,1051.26,1059.88,3021.63,3196757.08
736380.0,BTCUSD,1059.88,1095.0,1051.36,1089.86,4430.97,4736133.26
736381.0,BTCUSD,1089.86,1132.95,1081.95,1128.29,7483.04,8280875.39
736382.0,BTCUSD,1128.29,1140.0,1104.9,1128.71,6034.25,6795717.0
736383.0,BTCUSD,1128.71,1197.0,1128.22,1186.9,7536.2,8722673.05
736384.0,BTCUSD,1186.9,1221.93,1103.32,1186.91,12632.88,14918263.8
736385.0,BTCUSD,1186.91,1189.49,1110.0,1158.0,5951.95,6897879.33
736386.0,BTCUSD,1158.0,1187.33,1130.88,1184.91,4446.08,5171217.77
736387.0,BTCUSD,1184.91,1198.99,1176.0,1195.81,5745.59,6840404.48
736388.0,BTCUSD,1195.81,1214.94,1179.64,1195.08,6719.3,8045113.07
736389.0,BTCUSD,1195.08,1230.0,1085.71,1230.0,8122.55,9871907.47
736390.0,BTCUSD,1230.0,1298.61,1220.0,1269.17,8889.98,11126835.43
736391.0,BTCUSD,1269.17,1294.99,1255.61,1292.86,8284.43,10584869.61
736392.0,BTCUSD,1292.86,1294.48,1226.41,1273.97,6365.75,8116484.94
736393.0,BTCUSD,1273.97,1278.99,1247.11,1278.98,3982.89,5047437.77
736394.0,BTCUSD,1278.98,1288.0,1268.78,1284.99,4750.05,6083879.09
736395.0,BTCUSD,1284.99,1288.0,1050.0,1237.36,10495.65,12996739.91
736396.0,BTCUSD,1237.36,1246.0,1128.0,1150.22,12878.03,15302820.79
736397.0,BTCUSD,1150.22,1214.95,1131.11,1197.3,8439.14,9971972.26
736398.0,BTCUSD,1197.3,1360.0,956.85,1109.01,24876.28,29299755.83
736399.0,BTCUSD,1109.01,1219.0,1107.0,1188.11,10245.5,11991828.62
736400.0,BTCUSD,1188.11,1244.0,1150.0,1235.58,6647.29,8046849.56
736401.0,BTCUSD,1235.58,1249.0,1206.0,1245.5,9305.89,11510707.74
736402.0,BTCUSD,1245.5,1262.0,1213.55,1247.42,7361.42,9181863.69
736403.0,BTCUSD,1247.42,1264.55,1240.0,1263.0,7231.55,9066015.71
736404.0,BTCUSD,1263.0,1277.27,1117.77,1175.11,16563.41,19993492.85
736405.0,BTCUSD,1175.11,1175.11,1065.74,1069.57,19180.33,21525410.36
736406.0,BTCUSD,1069.57,1096.0,919.44,970.0,23802.32,23864729.42
736407.0,BTCUSD,970.0,1062.92,961.59,1019.49,13459.28,13673904.2
736408.0,BTCUSD,1019.49,1051.97,1011.0,1044.96,8917.53,9236660.8
736409.0,BTCUSD,1044.96,1120.0,1042.68,1114.42,12220.65,13315860.87
736410.0,BTCUSD,1114.42,1114.96,985.17,1034.57,14562.11,15191422.38
736411.0,BTCUSD,1034.57,1057.41,1013.0,1025.14,7782.51,8051410.81
736412.0,BTCUSD,1025.14,1030.3,920.1,934.87,18942.25,18466267.82
736413.0,BTCUSD,934.87,973.99,890.05,963.72,16659.78,15482264.23
736414.0,BTCUSD,963.72,1005.0,943.9,973.08,9477.98,9263551.31
736415.0,BTCUSD,973.08,1045.9,961.1,1042.08,10224.27,10332075.31
736416.0,BTCUSD,1042.08,1069.39,1016.25,1045.4,9053.57,9443463.57
736417.0,BTCUSD,1045.4,1058.16,1005.77,1043.27,8674.7,8964891.79
736418.0,BTCUSD,1043.27,1052.94,1022.0,1042.08,8279.23,8605658.13
736419.0,BTCUSD,1042.08,1094.49,1038.11,1088.99,11267.16,12025956.85
736420.0,BTCUSD,1088.99,1110.95,1071.45,1092.0,6728.76,7333795.3
736421.0,BTCUSD,1092.0,1119.0,1080.0,1113.99,7881.93,8687910.02
736422.0,BTCUSD,1113.99,1168.72,1112.24,1152.6,12693.53,14518353.53
736423.0,BTCUSD,1152.6,1164.14,1124.98,1143.99,8956.84,10260007.65
736424.0,BTCUSD,1143.99,1144.99,1114.9,1132.99,8699.48,9834667.4
736425.0,BTCUSD,1132.99,1206.97,1132.98,1192.3,11217.35,13139193.22
736426.0,BTCUSD,1192.3,1203.0,1175.26,1194.0,6982.52,8325135.18
736427.0,BTCUSD,1194.0,1198.0,1170.0,1184.5,4413.74,5240032.49
736428.0,BTCUSD,1184.5,1221.0,1175.8,1210.97,5807.85,6968901.3
736429.0,BTCUSD,1210.97,1219.78,1201.0,1210.0,5640.01,6833607.77
736430.0,BTCUSD,1210.0,1234.0,1200.0,1223.99,5480.34,6672699.9
736431.0,BTCUSD,1223.99,1227.86,1209.61,1214.17,6491.4,7909230.94
736432.0,BTCUSD,1214.17,1219.49,1148.98,1177.05,9425.11,11144752.42
736433.0,BTCUSD,1177.05,1196.92,1170.14,1173.74,5666.05,6700478.0
736434.0,BTCUSD,1173.74,1190.99,0.06,1178.85,3969.63,4656021.2
736435.0,BTCUSD,1178.85,1189.93,1171.7,1177.99,3082.06,3641302.03
736436.0,BTCUSD,1177.99,1197.6,1170.85,1189.91,6546.71,7740345.7
736437.0,BTCUSD,1189.91,1206.65,1189.76,1201.94,6267.85,7513057.56
736438.0,BTCUSD,1201.94,1215.32,1191.09,1214.21,6271.07,7541444.0
736439.0,BTCUSD,1214.21,1240.6,1212.01,1236.15,7744.55,9501637.02
736440.0,BTCUSD,1236.15,1258.77,1236.15,1249.99,6666.81,8315576.66
736441.0,BTCUSD,1249.99,1253.0,1221.51,1247.0,6146.72,7652671.47
736442.0,BTCUSD,1247.0,1254.0,1236.2,1251.98,5020.57,6262999.38
736443.0,BTCUSD,1251.98,1261.16,1246.31,1257.29,5899.56,7392441.57
736444.0,BTCUSD,1257.29,1287.0,1256.16,1281.16,8116.55,10358852.83
736445.0,BTCUSD,1281.16,1320.0,1279.5,1298.44,9594.48,12468743.16
736446.0,BTCUSD,1298.44,1360.0,1295.39,1349.26,10484.74,13943766.53
736447.0,BTCUSD,1349.26,1381.01,1300.2,1353.34,13987.65,18738445.98
736448.0,BTCUSD,1353.34,1369.5,1335.64,1365.43,9662.11,13097071.21
736449.0,BTCUSD,1365.43,1394.51,1334.02,1384.55,10404.38,14123860.39
736450.0,BTCUSD,1384.55,1466.69,1370.98,1436.5,16970.38,24270726.42
736451.0,BTCUSD,1436.5,1492.93,1426.51,1471.99,11924.59,17430683.24
736452.0,BTCUSD,1471.99,1533.0,1453.68,1533.0,16309.77,24297378.54
736453.0,BTCUSD,1533.0,1665.0,1482.06,1563.39,26688.81,42002225.57
736454.0,BTCUSD,1563.39,1630.0,1535.11,1551.3,16885.42,26750302.07
736455.0,BTCUSD,1551.3,1598.89,1551.3,1585.39,9365.65,14823564.66
736456.0,BTCUSD,1585.39,1618.31,1563.87,1609.57,11731.35,18664960.32
736457.0,BTCUSD,1609.57,1713.0,1608.0,1713.0,15881.13,26118182.46
736458.0,BTCUSD,1713.0,1794.7,1630.0,1720.43,19681.55,33917096.94
736459.0,BTCUSD,1720.43,1799.99,1691.3,1794.99,13454.3,23678889.7
736460.0,BTCUSD,1794.99,1889.0,1770.95,1837.93,15706.28,28861459.58
736461.0,BTCUSD,1837.93,1838.0,1651.01,1695.61,16510.26,28920995.52
736462.0,BTCUSD,1695.61,1792.96,1610.0,1792.73,12343.39,21031366.67
736463.0,BTCUSD,1792.73,1829.0,1763.33,1799.99,6805.0,12233717.38
736464.0,BTCUSD,1799.99,1802.99,1702.42,1747.81,10184.06,17781390.83
736465.0,BTCUSD,1747.81,1777.76,1690.14,1777.48,11410.4,19877340.12
736466.0,BTCUSD,1777.48,1840.0,1745.05,1813.23,13798.13,24965845.0
736467.0,BTCUSD,1813.23,1900.0,1800.0,1899.16,11374.67,20955981.58
736468.0,BTCUSD,1899.16,1980.0,1890.73,1976.23,18952.5,36732672.84
736469.0,BTCUSD,1976.23,2059.0,1970.04,2058.91,13162.08,26442179.42
736470.0,BTCUSD,2058.91,2102.68,1988.6,2057.0,17754.97,36447719.59
736471.0,BTCUSD,2057.0,2298.0,1975.0,2123.29,29386.37,63623003.77
736472.0,BTCUSD,2123.29,2283.0,2100.86,2272.75,17597.47,39085146.43
736473.0,BTCUSD,2272.75,2474.69,2266.51,2432.97,24634.04,58438411.21
736474.0,BTCUSD,2432.97,2806.0,2226.86,2355.0,37154.19,95411628.24
736475.0,BTCUSD,2355.0,2683.18,2052.01,2272.7,31456.5,74423123.15
736476.0,BTCUSD,2272.7,2353.35,1913.19,2099.99,32405.36,68178918.74
736477.0,BTCUSD,2099.99,2342.99,2099.86,2232.78,18325.71,40767284.98
736478.0,BTCUSD,2232.78,2357.86,2141.12,2279.48,16913.03,38367350.68
736479.0,BTCUSD,2279.48,2336.88,2112.31,2191.58,20903.19,46888613.92
736480.0,BTCUSD,2191.58,2338.91,2173.8,2303.29,21703.01,48811158.76
736481.0,BTCUSD,2303.29,2488.0,2302.0,2419.99,21374.75,51298289.57
736482.0,BTCUSD,2419.99,2478.99,2379.44,2478.99,12886.75,31233024.17
736483.0,BTCUSD,2478.99,2599.0,2448.0,2548.05,13422.99,34057815.61
736484.0,BTCUSD,2548.05,2556.1,2469.98,2521.36,13818.9,34731078.54
736485.0,BTCUSD,2521.36,2698.0,2517.02,2698.0,13555.2,35379671.94
736486.0,BTCUSD,2698.0,2938.55,2674.69,2871.29,28585.64,80455860.83
736487.0,BTCUSD,2871.29,2885.0,2598.7,2685.64,19455.78,54064924.71
736488.0,BTCUSD,2685.64,2808.78,2611.41,2799.73,13441.89,36807139.13
736489.0,BTCUSD,2799.73,2861.58,2786.2,2811.39,11436.76,32328430.83
736490.0,BTCUSD,2811.39,2942.04,2801.25,2932.44,18725.26,53784803.71
736491.0,BTCUSD,2932.44,2998.99,2881.0,2998.98,16284.9,47812183.93
736492.0,BTCUSD,2998.98,2999.99,2463.89,2655.71,38782.22,106489469.3
736493.0,BTCUSD,2655.71,2798.99,2649.47,2709.01,19700.56,53405977.59
736494.0,BTCUSD,2709.01,2827.0,2330.0,2432.21,28214.96,73493488.11
736495.0,BTCUSD,2432.21,2525.0,2050.0,2409.98,41961.04,97366664.08
736496.0,BTCUSD,2409.98,2524.65,2287.84,2480.43,21883.35,53300334.08
736497.0,BTCUSD,2480.43,2679.24,2413.96,2634.94,17580.33,45110277.72
736498.0,BTCUSD,2634.94,2670.0,2455.01,2515.25,13824.24,35323480.3
736499.0,BTCUSD,2515.25,2597.0,2481.92,2596.98,13918.48,35543778.1
736500.0,BTCUSD,2596.98,2776.95,2585.42,2725.08,19187.68,51424936.93
736501.0,BTCUSD,2725.08,2781.59,2559.51,2643.35,17851.81,47907949.07
736502.0,BTCUSD,2643.35,2724.69,2598.0,2679.99,12169.41,32542456.3
736503.0,BTCUSD,2679.99,2743.0,2665.0,2690.76,9672.18,26159593.21
736504.0,BTCUSD,2690.76,2718.37,2503.05,2574.84,12805.31,33572509.88
736505.0,BTCUSD,2574.84,2625.0,2430.05,2505.61,13731.2,34777329.87
736506.0,BTCUSD,2505.61,2563.9,2258.34,2407.91,20235.14,48983191.55
736507.0,BTCUSD,2407.91,2575.75,2264.0,2575.75,22136.58,52984618.42
736508.0,BTCUSD,2575.75,2605.0,2457.0,2553.25,16231.45,41220616.65
736509.0,BTCUSD,2553.25,2591.98,2506.1,2530.0,9044.52,23136077.62
736510.0,BTCUSD,2530.0,2554.01,2446.2,2455.19,11858.83,29678375.81
736511.0,BTCUSD,2455.19,2515.0,2400.0,2423.63,8439.3,20673284.08
736512.0,BTCUSD,2423.63,2545.0,2385.0,2516.66,9074.98,22390734.2
736513.0,BTCUSD,2516.66,2584.78,2479.75,2542.41,10044.25,25374233.34
736514.0,BTCUSD,2542.41,2636.1,2542.18,2602.0,10674.88,27738629.19
736515.0,BTCUSD,2602.0,2630.24,2551.06,2616.96,10180.98,26311442.33
736516.0,BTCUSD,2616.96,2623.54,2580.69,2604.84,8196.24,21299383.82
736517.0,BTCUSD,2604.84,2607.61,2472.0,2501.15,11633.51,29556762.93
736518.0,BTCUSD,2501.15,2563.5,2471.22,2561.11,7863.7,19815908.98
736519.0,BTCUSD,2561.11,2579.84,2500.0,2508.99,5641.13,14378485.35
736520.0,BTCUSD,2508.99,2523.0,2250.0,2331.05,15546.11,37337372.05
736521.0,BTCUSD,2331.05,2410.0,2265.0,2310.01,15656.53,36742710.52
736522.0,BTCUSD,2310.01,2415.0,2250.0,2383.42,13833.16,32370449.29
736523.0,BTCUSD,2383.42,2416.79,2308.14,2340.0,9541.54,22504373.72
736524.0,BTCUSD,2340.0,2349.28,2150.0,2217.24,13545.78,30485817.5
736525.0,BTCUSD,2217.24,2224.82,1964.31,1964.31,16317.36,33774963.1
736526.0,BTCUSD,1964.31,2043.94,1758.2,1910.86,21724.33,41505690.82
736527.0,BTCUSD,1910.86,2238.07,1909.58,2235.19,21417.42,44389209.76
736528.0,BTCUSD,2235.19,2393.43,2134.37,2308.15,23757.42,54347412.3
736529.0,BTCUSD,2308.15,2396.0,2216.0,2258.99,18554.91,42636571.09
736530.0,BTCUSD,2258.99,2957.0,2258.99,2873.48,36426.12,95224924.02
736531.0,BTCUSD,2873.48,2880.0,2608.27,2657.45,23000.12,62655741.6
736532.0,BTCUSD,2657.45,2869.88,2646.95,2825.27,12218.23,34047336.05
736533.0,BTCUSD,2825.27,2848.0,2691.0,2754.28,10163.6,28206056.21
736534.0,BTCUSD,2754.28,2799.2,2726.8,2762.26,8089.48,22315494.58
736535.0,BTCUSD,2762.26,2782.44,2449.69,2564.0,19184.97,49786278.09
736536.0,BTCUSD,2564.0,2614.0,2403.0,2525.99,13004.94,32450797.28
736537.0,BTCUSD,2525.99,2686.2,2514.1,2664.99,10034.0,25896207.58
736538.0,BTCUSD,2664.99,2825.11,2655.55,2786.07,17160.15,47117225.57
736539.0,BTCUSD,2786.07,2790.99,2656.0,2700.21,9852.05,26753602.75
736540.0,BTCUSD,2700.21,2739.98,2500.0,2723.99,8285.65,22141218.83
736541.0,BTCUSD,2723.99,2900.0,2700.0,2856.88,11457.38,31934105.54
736542.0,BTCUSD,2856.88,2925.0,2676.01,2732.59,9748.05,27274075.44
736543.0,BTCUSD,2732.59,2758.06,2650.0,2699.9,8419.36,22806893.27
736544.0,BTCUSD,2699.9,2799.0,2699.89,2787.02,7425.48,20432558.19
736545.0,BTCUSD,2787.02,2877.79,2760.0,2857.34,7713.12,21820111.66
736546.0,BTCUSD,2857.34,3335.0,2857.34,3243.49,21555.81,67805790.23
736547.0,BTCUSD,3243.49,3278.42,3150.0,3222.22,8658.64,27905582.23
736548.0,BTCUSD,3222.22,3416.0,3190.0,3398.23,11321.74,37825761.3
736549.0,BTCUSD,3398.23,3489.0,3349.91,3422.43,15999.81,54708051.43
736550.0,BTCUSD,3422.43,3428.29,3232.62,3342.8,13069.77,43622279.67
736551.0,BTCUSD,3342.8,3448.0,3317.0,3444.98,9346.69,31823585.61
736552.0,BTCUSD,3444.98,3725.0,3416.86,3656.15,15282.54,54274972.61
736553.0,BTCUSD,3656.15,3974.0,3622.87,3874.0,18959.75,72179345.3
736554.0,BTCUSD,3874.0,4200.0,3850.0,4060.47,23497.53,94772860.99
736555.0,BTCUSD,4060.47,4328.0,3985.01,4320.6,20028.5,84385621.47
736556.0,BTCUSD,4320.6,4434.42,3807.14,4159.93,31972.64,132096996.6
736557.0,BTCUSD,4159.93,4385.5,3928.82,4370.01,17943.01,75240963.38
736558.0,BTCUSD,4370.01,4469.0,4180.0,4280.01,19967.11,86539866.92
736559.0,BTCUSD,4280.01,4350.0,3960.47,4101.72,20732.84,86401459.78
736560.0,BTCUSD,4101.72,4186.1,4000.0,4157.41,10488.38,42963832.35
736561.0,BTCUSD,4157.41,4190.21,4044.52,4050.99,8316.8,34143680.64
736562.0,BTCUSD,4050.99,4089.99,3950.88,4002.0,12407.92,49900089.01
736563.0,BTCUSD,4002.0,4145.0,3583.46,4092.0,21882.51,85428060.35
736564.0,BTCUSD,4092.0,4247.88,4058.26,4143.49,11731.12,48707099.36
736565.0,BTCUSD,4143.49,4349.99,4112.76,4312.03,10245.72,43193513.87
736566.0,BTCUSD,4312.03,4453.9,4284.01,4360.0,10907.41,47600097.2
736567.0,BTCUSD,4360.0,4374.39,4260.01,4344.32,6123.33,26425712.62
736568.0,BTCUSD,4344.32,4392.0,4309.87,4340.11,7031.84,30574019.21
736569.0,BTCUSD,4340.11,4396.0,4200.0,4384.99,10067.66,43421851.0
736570.0,BTCUSD,4384.99,4656.83,4350.0,4599.0,14176.56,64010131.84
736571.0,BTCUSD,4599.0,4635.21,4500.55,4581.98,10230.63,46857100.68
736572.0,BTCUSD,4581.98,4769.03,4580.85,4743.94,13483.89,63272065.04
736573.0,BTCUSD,4743.94,4948.0,4706.0,4947.99,16664.55,80444245.2
736574.0,BTCUSD,4947.99,4980.0,4500.0,4649.99,19262.07,90656456.73
736575.0,BTCUSD,4649.99,4749.99,4524.0,4626.05,11393.09,52773397.7
736576.0,BTCUSD,4626.05,4628.05,4234.16,4498.25,20043.59,88935958.01
736577.0,BTCUSD,4498.25,4514.95,4242.38,4432.51,17081.16,74966475.18
736578.0,BTCUSD,4432.51,4692.0,4431.0,4616.18,15975.31,73082808.58
736579.0,BTCUSD,4616.18,4665.44,4475.01,4624.18,8402.48,38540786.36
736580.0,BTCUSD,4624.18,4679.99,4140.0,4350.0,21495.34,94143247.81
736581.0,BTCUSD,4350.0,4449.95,4180.0,4334.36,9821.45,42367541.74
736582.0,BTCUSD,4334.36,4349.99,4139.0,4251.36,10061.08,42674155.25
736583.0,BTCUSD,4251.36,4365.0,4111.14,4210.72,9037.83,38136891.11
736584.0,BTCUSD,4210.72,4375.37,4080.0,4164.52,12054.71,50887307.29
736585.0,BTCUSD,4164.52,4174.53,3726.0,3855.32,22314.17,87409345.37
736586.0,BTCUSD,3855.32,3923.0,3230.05,3250.4,35375.4,123900624.5
736587.0,BTCUSD,3250.4,3894.48,2975.01,3740.02,53365.89,183946441.5
736588.0,BTCUSD,3740.02,4042.98,3600.0,3726.51,18529.74,70081802.46
736589.0,BTCUSD,3726.51,3841.0,3475.64,3719.97,11592.24,42611788.18
736590.0,BTCUSD,3719.97,4130.0,3717.56,4100.0,16833.07,66838572.8
736591.0,BTCUSD,4100.0,4125.22,3850.44,3910.11,13483.26,53496013.6
736592.0,BTCUSD,3910.11,4044.0,3850.01,3867.05,9809.81,38646206.72
736593.0,BTCUSD,3867.05,3903.57,3571.0,3617.47,14575.36,54517167.59
736594.0,BTCUSD,3617.47,3767.77,3509.79,3619.01,12552.38,45460297.6
736595.0,BTCUSD,3619.01,3818.89,3580.0,3787.33,6515.95,24320131.0
736596.0,BTCUSD,3787.33,3789.36,3630.01,3669.01,4616.12,17095428.57
736597.0,BTCUSD,3669.01,3969.37,3669.01,3919.78,9249.85,35709598.52
736598.0,BTCUSD,3919.78,3960.0,3854.29,3885.09,5852.48,22927669.2
736599.0,BTCUSD,3885.09,4228.39,3880.36,4200.0,11758.34,48054132.22
736600.0,BTCUSD,4200.0,4269.95,4122.0,4189.42,7742.77,32430082.81
736601.0,BTCUSD,4189.42,4212.99,4015.17,4156.99,10171.48,42040804.57
736602.0,BTCUSD,4156.99,4356.28,4143.52,4339.0,6098.67,26085227.99
736603.0,BTCUSD,4339.0,4396.99,4256.92,4394.81,5295.5,22874518.07
736604.0,BTCUSD,4394.81,4470.0,4354.99,4392.71,8419.64,37066029.74
736605.0,BTCUSD,4392.71,4419.95,4242.0,4307.99,10224.79,44098557.39
736606.0,BTCUSD,4307.99,4344.0,4179.99,4214.84,6228.33,26429993.54
736607.0,BTCUSD,4214.84,4364.59,4150.01,4320.04,6376.05,27248452.17
736608.0,BTCUSD,4320.04,4407.0,4299.99,4362.99,6378.97,27830618.39
736609.0,BTCUSD,4362.99,4449.42,4320.0,4425.0,4030.37,17603265.19
736610.0,BTCUSD,4425.0,4612.0,4420.01,4603.49,7061.5,31973796.86
736611.0,BTCUSD,4603.49,4875.39,4561.0,4769.55,13964.95,65839640.33
736612.0,BTCUSD,4769.55,4925.65,4701.53,4750.0,13478.05,65048670.87
736613.0,BTCUSD,4750.0,4869.97,4720.21,4814.99,7206.03,34575558.1
736614.0,BTCUSD,4814.99,5440.92,4809.59,5440.0,19732.58,101825758.3
736615.0,BTCUSD,5440.0,5867.0,5390.0,5624.8,25811.46,145056663.4
736616.0,BTCUSD,5624.8,5839.8,5567.86,5819.13,8956.46,50956948.44
736617.0,BTCUSD,5819.13,5849.83,5455.5,5693.7,11691.8,65724633.19
736618.0,BTCUSD,5693.7,5785.3,5575.55,5754.9,8780.96,49971113.41
736619.0,BTCUSD,5754.9,5769.99,5525.0,5594.0,8715.92,48994082.43
736620.0,BTCUSD,5594.0,5600.0,5102.0,5574.44,17239.89,92801408.26
736621.0,BTCUSD,5574.44,5750.0,5529.44,5704.01,8748.55,49504221.95
736622.0,BTCUSD,5704.01,6063.99,5630.0,5989.1,16368.68,96636800.15
736623.0,BTCUSD,5989.1,6189.1,5868.26,6024.86,14273.15,86639153.42
736624.0,BTCUSD,6024.86,6082.3,5755.95,6005.05,10547.92,62384194.78
736625.0,BTCUSD,6005.05,6057.02,5650.98,5905.99,16263.88,95104164.3
736626.0,BTCUSD,5905.99,5906.0,5462.19,5525.43,17736.3,100232416.5
736627.0,BTCUSD,5525.43,5765.0,5376.71,5739.97,13672.23,75802977.78
736628.0,BTCUSD,5739.97,5985.0,5701.0,5891.61,11321.8,66281380.98
736629.0,BTCUSD,5891.61,5998.0,5708.8,5780.0,9127.48,53073484.78
736630.0,BTCUSD,5780.0,5894.0,5715.0,5752.01,5410.22,31239917.57
736631.0,BTCUSD,5752.01,6296.0,5728.0,6140.01,11846.4,71475582.64
736632.0,BTCUSD,6140.01,6200.0,6028.0,6124.16,8166.08,49920203.12
736633.0,BTCUSD,6124.16,6472.13,6099.0,6445.01,14184.69,89649009.44
736634.0,BTCUSD,6445.01,6783.69,6365.54,6783.69,20253.34,132837510.0
736635.0,BTCUSD,6783.69,7445.0,6759.0,7039.99,34494.67,241375563.8
736636.0,BTCUSD,7039.99,7449.99,6955.89,7170.01,23544.34,170481510.9
736637.0,BTCUSD,7170.01,7498.0,7011.1,7412.55,13482.54,98432731.02
736638.0,BTCUSD,7412.55,7630.0,7311.98,7392.0,15549.4,116482461.3
736639.0,BTCUSD,7392.0,7432.49,6900.73,6969.76,22562.22,161595096.7
736640.0,BTCUSD,6969.76,7232.84,6968.49,7126.63,14304.0,101527447.3
736641.0,BTCUSD,7126.63,7898.0,7031.66,7467.96,36774.83,272833126.5
736642.0,BTCUSD,7467.96,7470.01,7079.0,7156.0,17655.54,127736036.6
736643.0,BTCUSD,7156.0,7350.0,6426.0,6577.63,31858.14,216751466.5
736644.0,BTCUSD,6577.63,6894.99,6201.01,6346.7,25106.49,162556894.3
736645.0,BTCUSD,6346.7,6486.0,5511.11,5886.35,49705.69,299128196.1
736646.0,BTCUSD,5886.35,6841.45,5850.0,6535.87,35180.6,224769386.9
736647.0,BTCUSD,6535.87,6748.0,6465.41,6605.0,19194.55,126676994.2
736648.0,BTCUSD,6605.0,7349.0,6605.0,7294.0,27181.18,192021838.3
736649.0,BTCUSD,7294.0,7985.37,7130.0,7838.53,28093.1,212619502.4
736650.0,BTCUSD,7838.53,7988.5,7536.0,7714.71,23476.28,183649395.2
736651.0,BTCUSD,7714.71,7847.98,7502.0,7777.01,14577.26,112015874.8
736652.0,BTCUSD,7777.01,8098.62,7700.0,8031.82,14101.48,111726750.9
736653.0,BTCUSD,8031.82,8293.25,7969.0,8256.01,15462.22,126338474.9
736654.0,BTCUSD,8256.01,8375.0,7802.99,8109.0,29873.68,242616556.5
736655.0,BTCUSD,8109.0,8298.98,8103.13,8250.0,13440.42,110166489.1
736656.0,BTCUSD,8250.0,8274.98,8031.16,8031.16,11596.65,94874627.95
736657.0,BTCUSD,8031.16,8324.0,7900.0,8215.01,14058.33,115074384.4
736658.0,BTCUSD,8215.01,8795.5,8203.98,8795.5,16269.41,138667016.2
736659.0,BTCUSD,8795.5,9596.0,8795.5,9401.11,27570.05,253848242.8
736660.0,BTCUSD,9401.11,9795.0,9401.0,9768.71,24658.82,237996816.5
736661.0,BTCUSD,9768.71,9989.95,9705.99,9949.0,18593.31,183935168.3
736662.0,BTCUSD,9949.0,11485.0,8650.0,9935.98,62321.44,648689040.2
736663.0,BTCUSD,9935.98,10850.0,9135.6,9903.0,39839.39,396077980.5
736664.0,BTCUSD,9903.0,10937.0,9517.0,10869.84,32322.41,332593136.9
736665.0,BTCUSD,10869.84,11100.0,10701.0,10930.23,19398.54,212318715.6
736666.0,BTCUSD,10930.23,11891.0,10601.0,11290.0,29475.97,333644621.6
736667.0,BTCUSD,11290.0,11650.0,10950.0,11643.98,19613.4,223403467.1
736668.0,BTCUSD,11643.98,11875.0,11532.0,11718.35,17078.85,200348470.8
736669.0,BTCUSD,11718.35,14419.4,11717.5,14090.0,46838.72,605232973.9
736670.0,BTCUSD,14090.0,19650.65,13500.0,17390.01,72755.19,1153995083.0
736671.0,BTCUSD,17390.01,17777.69,13788.99,16367.03,62052.71,1002053974.0
736672.0,BTCUSD,16367.03,16499.0,13550.0,15309.98,37067.06,565865072.7
736673.0,BTCUSD,15309.98,16300.0,13501.0,15290.01,45612.48,676688697.8
736674.0,BTCUSD,15290.01,17493.0,15200.0,16885.75,35856.43,598018866.7
736675.0,BTCUSD,16885.75,18149.99,16375.0,17730.12,33282.64,573609404.1
736676.0,BTCUSD,17730.12,17900.0,15700.0,16689.61,28665.95,487487397.7
736677.0,BTCUSD,16689.61,17199.6,16256.0,16749.79,15611.48,261600088.2
736678.0,BTCUSD,16749.79,17899.0,16745.0,17738.67,25934.43,454043438.5
736679.0,BTCUSD,17738.67,19797.0,17630.0,19650.0,22172.19,415834390.1
736680.0,BTCUSD,19650.0,19891.99,19010.0,19378.99,19314.07,375805534.0
736681.0,BTCUSD,19378.99,19385.0,18200.0,19039.0,23595.21,443183201.7
736682.0,BTCUSD,19039.0,19099.0,16800.0,17838.73,29056.67,525375538.2
736683.0,BTCUSD,17838.73,17890.0,14301.0,16496.9,41730.03,696144937.8
736684.0,BTCUSD,16496.9,17364.57,15151.0,15758.8,25674.46,413174960.1
736685.0,BTCUSD,15758.8,15974.95,10400.0,14210.57,90954.08,1237770941.0
736686.0,BTCUSD,14210.57,16261.0,13750.0,15065.51,28360.96,427781719.6
736687.0,BTCUSD,15065.51,15109.27,13210.0,14221.94,22814.3,322577014.1
736688.0,BTCUSD,14221.94,14774.0,13500.0,14171.98,13602.12,192447600.8
736689.0,BTCUSD,14171.98,16148.0,14171.98,15790.88,20559.6,318500376.6
736690.0,BTCUSD,15790.88,16490.0,14524.37,15367.08,21861.4,339333880.0
736691.0,BTCUSD,15367.08,15489.0,13500.0,14450.01,27970.65,399465278.6
736692.0,BTCUSD,14450.01,15105.34,14041.81,14565.05,17235.04,251682459.9
736693.0,BTCUSD,14565.05,14639.79,12500.0,12839.99,25286.65,340875743.9
736694.0,BTCUSD,12839.99,14280.26,12633.8,13863.13,17428.57,234823165.7
736695.0,BTCUSD,13863.13,13889.0,12952.5,13480.01,11484.01,154169331.5
736696.0,BTCUSD,13480.01,15275.0,13005.0,14781.51,23957.87,339284691.7
736697.0,BTCUSD,14781.51,15400.0,14628.0,15098.14,16584.63,248696705.2
736698.0,BTCUSD,15098.14,15400.0,14230.0,15144.99,17980.39,267365600.8
736699.0,BTCUSD,15144.99,17178.0,14824.05,16960.01,20781.65,332879426.6
736700.0,BTCUSD,16960.01,17174.0,16251.01,17099.0,12927.52,216003326.2
736701.0,BTCUSD,17099.0,17115.01,15755.01,16174.22,10937.57,179675309.9
736702.0,BTCUSD,16174.22,16275.0,14000.0,14993.74,21174.24,319727096.9
736703.0,BTCUSD,14993.74,15384.0,14230.0,14480.99,14131.42,208863824.4
736704.0,BTCUSD,14480.99,14875.18,13550.01,14875.18,20897.79,297138669.1
736705.0,BTCUSD,14875.18,14970.0,12800.01,13308.06,25968.83,353069761.2
736706.0,BTCUSD,13308.06,14080.83,12900.0,13820.0,13970.64,190014298.8
736707.0,BTCUSD,13820.0,14500.0,13792.25,14187.95,9997.76,141996765.8
736708.0,BTCUSD,14187.95,14332.85,13110.0,13656.23,9965.91,135900260.3
736709.0,BTCUSD,13656.23,14253.0,13416.0,13590.0,9999.69,138344684.4
736710.0,BTCUSD,13590.0,13643.66,9928.62,11570.01,55998.79,658276609.3
736711.0,BTCUSD,11570.01,12358.89,9010.0,11200.01,60648.02,638793423.3
736712.0,BTCUSD,11200.01,12123.1,10687.21,11305.53,29065.2,335822137.0
736713.0,BTCUSD,11305.53,11973.99,11050.0,11498.99,15569.99,178499762.2
736714.0,BTCUSD,11498.99,12985.55,11498.99,12762.8,18087.06,224252854.6
736715.0,BTCUSD,12762.8,12762.8,11118.0,11518.16,15537.7,183763425.2
736716.0,BTCUSD,11518.16,11849.0,10025.0,10766.7,23186.08,250015050.8
736717.0,BTCUSD,10766.7,11370.0,9945.0,10824.94,20835.11,223535253.8
736718.0,BTCUSD,10824.94,11450.0,10457.0,11356.79,14157.04,155476131.1
736719.0,BTCUSD,11356.79,11690.0,10851.0,11118.0,12700.49,143410569.5
736720.0,BTCUSD,11118.0,11570.0,10305.0,11086.89,18029.05,197099538.1
736721.0,BTCUSD,11086.89,11494.08,10850.0,11319.0,11770.93,131986246.7
736722.0,BTCUSD,11319.0,11695.0,11234.99,11536.0,13109.53,150128732.8
736723.0,BTCUSD,11536.0,11570.0,10840.0,11123.01,10478.81,116748731.2
736724.0,BTCUSD,11123.01,11150.0,9714.84,9995.0,25138.03,258791883.9
736725.0,BTCUSD,9995.0,10299.95,9601.02,10099.99,18610.62,184380608.9
736726.0,BTCUSD,10099.99,10166.25,8400.0,9010.61,33299.38,304619253.3
736727.0,BTCUSD,9010.61,9090.0,7540.0,8787.52,47657.97,402616764.5
736728.0,BTCUSD,8787.52,9499.0,8115.48,9240.0,22376.49,199874964.5
736729.0,BTCUSD,9240.0,9350.0,7859.0,8167.9,22632.67,192692988.5
736730.0,BTCUSD,8167.9,8349.16,6426.94,6905.19,55053.58,400000801.6
736731.0,BTCUSD,6905.19,7948.89,5873.0,7688.46,85899.42,586030103.5
736732.0,BTCUSD,7688.46,8649.88,7212.82,7575.75,47816.08,379213828.6
736733.0,BTCUSD,7575.75,8625.0,7550.0,8218.1,29803.75,243905456.6
736734.0,BTCUSD,8218.1,8700.0,7750.0,8671.01,25750.68,212311612.7
736735.0,BTCUSD,8671.01,9090.0,8155.01,8547.49,22712.61,196226191.9
736736.0,BTCUSD,8547.49,8547.49,7857.78,8072.99,16176.24,132445927.4
736737.0,BTCUSD,8072.99,8950.0,8072.99,8872.28,18475.22,159371645.1
736738.0,BTCUSD,8872.28,8925.0,8393.1,8520.01,13139.47,113357334.8
736739.0,BTCUSD,8520.01,9482.5,8520.0,9472.98,22243.16,202543478.1
736740.0,BTCUSD,9472.98,10249.81,9342.46,10031.23,29789.74,293186307.4
736741.0,BTCUSD,10031.23,10307.68,9729.58,10167.49,16620.41,166819978.5
736742.0,BTCUSD,10167.49,11149.0,10057.0,11121.5,19222.9,205648014.8
736743.0,BTCUSD,11121.5,11299.1,10159.0,10380.04,24142.4,259535413.8
736744.0,BTCUSD,10380.04,11274.11,10297.39,11140.0,16154.08,175983581.8
736745.0,BTCUSD,11140.0,11775.0,11000.0,11235.57,24951.36,285961831.2
736746.0,BTCUSD,11235.57,11278.81,10250.0,10454.27,27910.71,300205501.4
736747.0,BTCUSD,10454.27,10900.0,9715.27,9830.0,26422.13,268890664.0
736748.0,BTCUSD,9830.0,10390.77,9576.43,10144.99,19664.01,196376198.6
736749.0,BTCUSD,10144.99,10494.14,9372.72,9688.62,18197.93,180155629.2
736750.0,BTCUSD,9688.62,9850.0,9324.75,9597.99,11129.51,106497962.9
736751.0,BTCUSD,9597.99,10447.74,9404.0,10300.0,17504.87,175797727.9
736752.0,BTCUSD,10300.0,10845.07,10133.33,10566.57,16465.19,173762146.0
736753.0,BTCUSD,10566.57,11044.0,10263.0,10307.27,17897.55,190456964.9
736754.0,BTCUSD,10307.27,11075.0,10213.99,10895.92,13824.45,147941446.0
736755.0,BTCUSD,10895.92,11149.0,10765.0,11000.0,12662.82,139077193.5
736756.0,BTCUSD,11000.0,11494.57,11000.0,11432.5,12066.71,136586889.1
736757.0,BTCUSD,11432.5,11487.0,11045.03,11469.9,7942.05,89511765.48
736758.0,BTCUSD,11469.9,11645.74,11340.0,11377.54,9470.43,109153960.7
736759.0,BTCUSD,11377.54,11395.63,10565.85,10700.0,16724.71,183282864.1
736760.0,BTCUSD,10700.0,10894.0,9400.0,9925.0,29225.23,294388277.2
736761.0,BTCUSD,9925.0,10098.0,9050.0,9304.89,21350.15,204726520.4
736762.0,BTCUSD,9304.89,9410.0,8370.0,9255.0,38841.8,344813643.7
736763.0,BTCUSD,9255.0,9514.0,8727.68,8795.44,16051.83,147598925.1
736764.0,BTCUSD,8795.44,9760.0,8516.0,9533.88,20534.85,188590778.8
736765.0,BTCUSD,9533.88,9890.0,8780.49,9120.0,19816.17,184885705.9
736766.0,BTCUSD,9120.0,9472.88,8855.0,9145.41,16059.63,146974006.1
736767.0,BTCUSD,9145.41,9340.0,7931.0,8207.02,25336.6,216554439.9
736768.0,BTCUSD,8207.02,8400.0,7666.0,8259.99,26426.13,213272177.7
736769.0,BTCUSD,8259.99,8600.0,7911.0,8275.0,16138.02,134277880.2
736770.0,BTCUSD,8275.0,8349.82,7751.0,7857.6,13146.15,105411863.2
736771.0,BTCUSD,7857.6,8302.73,7310.0,8192.0,29124.27,223313677.7
736772.0,BTCUSD,8192.0,8750.61,8110.0,8589.01,24075.67,201918172.7
736773.0,BTCUSD,8589.01,9046.26,8316.99,8900.0,18799.01,163562452.5
736774.0,BTCUSD,8900.0,9174.0,8745.0,8891.81,14536.32,130220366.2
736775.0,BTCUSD,8891.81,9073.93,8467.27,8715.09,13885.21,121308053.7
736776.0,BTCUSD,8715.09,8927.81,8280.04,8927.1,14212.8,121329830.1
736777.0,BTCUSD,8927.1,8999.0,8508.0,8531.34,11073.17,97652321.95
736778.0,BTCUSD,8531.34,8670.0,8359.99,8453.0,8511.92,72497141.51
736779.0,BTCUSD,8453.0,8498.0,7858.1,8145.0,18298.44,148145385.2
736780.0,BTCUSD,8145.0,8219.99,7757.0,7793.61,14466.67,115150613.4
736781.0,BTCUSD,7793.61,8088.0,7727.76,7942.72,10608.52,83867112.62
736782.0,BTCUSD,7942.72,7957.0,6905.0,7079.99,25708.79,189532739.9
736783.0,BTCUSD,7079.99,7275.35,6600.0,6848.01,27479.15,188520448.2
736784.0,BTCUSD,6848.01,7200.0,6780.19,6928.5,13622.58,95623991.66
736785.0,BTCUSD,6928.5,7044.46,6450.0,6816.01,14325.78,96628050.91
736786.0,BTCUSD,6816.01,7100.0,6777.28,7045.01,13713.65,95762835.6
736787.0,BTCUSD,7045.01,7520.0,7017.0,7424.9,17483.9,127896836.6
736788.0,BTCUSD,7424.9,7424.91,6708.46,6791.68,13910.56,97474965.59
736789.0,BTCUSD,6791.68,6923.1,6574.0,6785.85,13909.99,93740462.05
736790.0,BTCUSD,6785.85,6847.0,6518.88,6619.01,10149.64,67416432.95
736791.0,BTCUSD,6619.01,7059.0,6605.08,6894.01,9502.09,65545725.0
736792.0,BTCUSD,6894.01,7099.99,6891.83,7020.01,5869.72,41042355.66
736793.0,BTCUSD,7020.01,7169.53,6617.0,6771.13,12931.92,88680243.77
736794.0,BTCUSD,6771.13,6893.29,6661.19,6824.99,7126.47,48398352.42
736795.0,BTCUSD,6824.99,6974.0,6806.01,6942.99,7809.09,53835669.46
736796.0,BTCUSD,6942.99,8050.0,6767.77,7916.0,28395.32,214771004.9
736797.0,BTCUSD,7916.0,8220.0,7760.0,7893.19,20659.55,165216508.7
736798.0,BTCUSD,7893.19,8150.0,7830.0,8003.11,9036.54,72396037.5
736799.0,BTCUSD,8003.11,8392.56,8003.11,8355.25,9106.28,75015635.82
736800.0,BTCUSD,8355.25,8398.98,7905.99,8048.93,12617.3,102125725.7
736801.0,BTCUSD,8048.93,8162.5,7822.0,7892.1,10184.17,81563611.65
736802.0,BTCUSD,7892.1,8243.99,7879.8,8152.05,10071.0,81308219.64
736803.0,BTCUSD,8152.05,8300.0,8105.0,8274.0,11199.38,92034904.14
736804.0,BTCUSD,8274.0,8932.56,8216.21,8866.27,14891.29,126835932.4
736805.0,BTCUSD,8866.27,9038.87,8610.7,8915.42,11250.01,99156727.62
736806.0,BTCUSD,8915.42,9015.0,8754.01,8795.01,7215.69,64164105.31
736807.0,BTCUSD,8795.01,8991.0,8775.1,8931.3,7780.82,69214737.03
736808.0,BTCUSD,8931.3,9728.56,8930.0,9648.0,19437.27,181524168.3
736809.0,BTCUSD,9648.0,9763.49,8602.43,8865.98,29386.63,269894051.2
736810.0,BTCUSD,8865.98,9318.0,8660.0,9272.11,14759.34,131435230.3
736811.0,BTCUSD,9272.11,9369.0,8910.0,8922.55,11378.78,104539338.7
736812.0,BTCUSD,8922.55,9440.01,8863.42,9329.99,8413.13,77754446.67
736813.0,BTCUSD,9329.99,9512.5,9179.99,9389.01,7545.14,70623571.2
736814.0,BTCUSD,9389.01,9446.98,9119.0,9243.83,8320.14,77222420.62
736815.0,BTCUSD,9243.83,9245.37,8831.21,9072.29,10763.33,96666932.01
736816.0,BTCUSD,9072.29,9250.04,8990.0,9190.48,8212.95,74933819.79
736817.0,BTCUSD,9190.48,9800.0,9131.0,9725.74,13700.5,129425309.7
736818.0,BTCUSD,9725.74,9743.87,9465.0,9685.0,10013.2,96569125.26
736819.0,BTCUSD,9685.0,9948.12,9660.28,9800.0,8827.89,86787106.26
736820.0,BTCUSD,9800.0,9880.0,9390.0,9600.0,7112.87,68458545.47
736821.0,BTCUSD,9600.0,9619.55,9162.85,9353.0,9317.83,86959663.38
736822.0,BTCUSD,9353.0,9463.13,9050.0,9177.81,8950.5,82566086.42
736823.0,BTCUSD,9177.81,9370.0,8960.0,9300.08,8129.59,74546897.15
736824.0,BTCUSD,9300.08,9386.31,9001.01,9010.51,7218.76,66420658.6
736825.0,BTCUSD,9010.51,9010.51,8351.0,8403.33,15907.06,137940903.1
736826.0,BTCUSD,8403.33,8658.57,8223.43,8475.0,10792.17,90952428.28
736827.0,BTCUSD,8475.0,8774.32,8345.0,8686.1,6259.26,53639665.94
736828.0,BTCUSD,8686.1,8880.01,8289.79,8670.0,13418.34,115748349.8
736829.0,BTCUSD,8670.0,8847.0,8420.45,8477.46,10250.04,88297355.67
736830.0,BTCUSD,8477.46,8500.0,8104.99,8344.0,9914.22,81955959.22
736831.0,BTCUSD,8344.0,8482.01,8001.0,8059.0,7926.38,65295038.3
736832.0,BTCUSD,8059.0,8279.63,7927.21,8238.51,7715.22,62470941.97
736833.0,BTCUSD,8238.51,8390.0,8152.54,8235.6,4117.42,34005517.03
736834.0,BTCUSD,8235.6,8596.74,8172.0,8516.86,4273.42,35902082.55
736835.0,BTCUSD,8516.86,8584.39,8309.23,8393.44,4844.48,40909022.48
736836.0,BTCUSD,8393.44,8400.0,7950.0,7987.7,6589.43,53897527.48
736837.0,BTCUSD,7987.7,8030.0,7433.19,7505.0,14905.99,114810431.5
736838.0,BTCUSD,7505.0,7734.99,7269.0,7584.15,11033.72,82931373.76
736839.0,BTCUSD,7584.15,7661.85,7326.94,7459.11,8491.93,63420692.82
736840.0,BTCUSD,7459.11,7640.46,7287.23,7337.95,4391.64,32866203.7
736841.0,BTCUSD,7337.95,7392.7,7229.01,7346.64,4381.6,31993637.04
736842.0,BTCUSD,7346.64,7444.8,7087.0,7107.94,7387.64,53420746.08
736843.0,BTCUSD,7107.94,7524.99,7058.0,7460.0,10110.69,73998239.29
736844.0,BTCUSD,7460.0,7557.78,7272.71,7380.01,6003.96,44492636.81
736845.0,BTCUSD,7380.01,7608.99,7340.0,7485.0,5809.56,43622416.7
736846.0,BTCUSD,7485.0,7599.99,7351.01,7514.32,6726.93,50201757.77
736847.0,BTCUSD,7514.32,7697.09,7440.0,7636.42,4702.68,35749666.62
736848.0,BTCUSD,7636.42,7777.0,7583.24,7706.37,4706.08,36217683.05
736849.0,BTCUSD,7706.37,7747.57,7447.61,7487.37,5644.33,42594288.27
736850.0,BTCUSD,7487.37,7677.5,7355.0,7612.51,5599.22,42039709.41
736851.0,BTCUSD,7612.51,7691.0,7484.0,7655.0,5566.79,42305009.7
736852.0,BTCUSD,7655.0,7747.0,7635.0,7684.93,4978.29,38285664.53
736853.0,BTCUSD,7684.93,7690.0,7536.58,7618.8,3898.49,29714138.4
736854.0,BTCUSD,7618.8,7679.61,7468.0,7496.4,2591.37,19705723.85
736855.0,BTCUSD,7496.4,7496.41,6652.0,6770.31,17537.54,121672118.3
736856.0,BTCUSD,6770.31,6913.83,6666.66,6881.0,11514.71,77860066.29
736857.0,BTCUSD,6881.0,6885.84,6450.0,6544.99,10182.01,67843714.24
736858.0,BTCUSD,6544.99,6618.95,6135.0,6302.32,16938.07,107919670.4
736859.0,BTCUSD,6302.32,6749.99,6269.0,6638.49,14198.23,92330049.17
736860.0,BTCUSD,6638.49,6659.99,6370.0,6391.22,6903.72,45121373.39
736861.0,BTCUSD,6391.22,6549.99,6330.0,6484.29,4442.03,28678398.29
736862.0,BTCUSD,6484.29,6570.01,6428.14,6447.16,3250.28,21122998.53
736863.0,BTCUSD,6447.16,6795.0,6385.0,6709.02,7725.85,50862772.08
736864.0,BTCUSD,6709.02,6829.06,6670.01,6736.41,6092.32,40990235.23
736865.0,BTCUSD,6736.41,6817.0,6557.66,6756.1,6488.5,43427008.47
736866.0,BTCUSD,6756.1,6787.0,6682.3,6719.01,4182.1,28146891.35
736867.0,BTCUSD,6719.01,6725.0,5921.21,6059.82,16911.16,105561912.6
736868.0,BTCUSD,6059.82,6250.0,6040.01,6178.29,5908.17,36244141.37
736869.0,BTCUSD,6178.29,6255.8,5777.0,6149.99,12695.65,76443754.14
736870.0,BTCUSD,6149.99,6340.01,6070.13,6246.01,8807.46,54715582.75
736871.0,BTCUSD,6246.01,6271.0,6024.99,6074.94,6253.3,38645723.81
736872.0,BTCUSD,6074.94,6175.43,5984.11,6132.17,6792.7,41399520.28
736873.0,BTCUSD,6132.17,6161.47,5818.0,5851.66,7418.41,44664591.84
736874.0,BTCUSD,5851.66,6300.0,5790.01,6202.36,10629.32,63391179.25
736875.0,BTCUSD,6202.36,6520.15,6185.0,6383.19,6547.95,41740609.64
736876.0,BTCUSD,6383.19,6424.14,6256.76,6349.5,3880.62,24628052.11
736877.0,BTCUSD,6349.5,6669.99,6270.01,6611.79,8121.3,53027923.04
736878.0,BTCUSD,6611.79,6673.99,6465.0,6502.62,6352.02,41823454.57
736879.0,BTCUSD,6502.62,6794.99,6411.51,6587.47,6542.58,43252522.96
736880.0,BTCUSD,6587.47,6700.0,6449.5,6532.95,6719.91,44183353.29
736881.0,BTCUSD,6532.95,6639.0,6452.2,6600.0,4997.83,32760665.2
736882.0,BTCUSD,6600.0,6843.26,6512.0,6753.28,4201.2,27817256.98
736883.0,BTCUSD,6753.28,6778.31,6671.0,6701.97,3126.09,21059821.76
736884.0,BTCUSD,6701.97,6815.82,6625.0,6664.01,5072.92,34007270.21
736885.0,BTCUSD,6664.01,6679.47,6279.0,6303.7,7603.87,48994686.81
736886.0,BTCUSD,6303.7,6400.0,6281.01,6390.04,4926.29,31309175.0
736887.0,BTCUSD,6390.04,6390.04,6075.01,6249.75,8810.27,54928554.52
736888.0,BTCUSD,6249.75,6335.09,6121.53,6216.29,5827.07,36331369.65
736889.0,BTCUSD,6216.29,6323.68,6187.0,6248.65,2934.25,18320211.43
736890.0,BTCUSD,6248.65,6385.35,6233.26,6348.73,3669.02,23230467.01
736891.0,BTCUSD,6348.73,6750.0,6330.3,6728.81,8828.08,58194902.32
736892.0,BTCUSD,6728.81,7472.5,6663.51,7315.01,15108.63,107004977.1
736893.0,BTCUSD,7315.01,7584.85,7229.89,7378.99,15273.11,113266571.1
736894.0,BTCUSD,7378.99,7563.81,7281.42,7470.01,9683.79,71815627.59
736895.0,BTCUSD,7470.01,7687.0,7259.76,7334.46,9846.56,73047752.52
736896.0,BTCUSD,7334.46,7444.77,7204.32,7408.0,4853.63,35580481.69
736897.0,BTCUSD,7408.0,7569.69,7327.75,7397.8,5353.75,39868036.18
736898.0,BTCUSD,7397.8,7809.0,7378.26,7720.09,12070.76,92801603.09
736899.0,BTCUSD,7720.09,8488.0,7695.99,8401.01,18923.85,153677129.7
736900.0,BTCUSD,8401.01,8482.84,8042.0,8157.15,13863.11,114146044.0
736901.0,BTCUSD,8157.15,8290.0,7840.0,7931.99,11202.08,90818534.46
736902.0,BTCUSD,7931.99,8276.55,7787.29,8184.21,11584.49,93237668.65
736903.0,BTCUSD,8184.21,8230.0,8065.0,8228.9,3991.58,32614428.43
736904.0,BTCUSD,8228.9,8289.96,8127.87,8216.34,4059.13,33351348.24
736905.0,BTCUSD,8216.34,8274.92,7850.0,8170.01,9821.99,79392659.29
736906.0,BTCUSD,8170.01,8173.57,7634.22,7727.27,12000.2,93911260.29
736907.0,BTCUSD,7727.27,7750.0,7440.01,7603.99,10921.59,82623838.46
736908.0,BTCUSD,7603.99,7707.54,7462.0,7533.92,6722.46,50931754.41
736909.0,BTCUSD,7533.92,7538.53,7285.0,7414.08,10475.08,77574038.63
736910.0,BTCUSD,7414.08,7495.0,6940.0,7005.0,9218.69,65775392.46
736911.0,BTCUSD,7005.0,7086.52,6880.0,7030.01,6104.64,42664283.17
736912.0,BTCUSD,7030.01,7163.0,6840.06,6938.0,8425.87,58826812.92
736913.0,BTCUSD,6938.0,7152.0,6650.0,6718.22,10429.16,72216177.79
736914.0,BTCUSD,6718.22,6718.22,6121.04,6282.5,21222.61,135716565.2
736915.0,BTCUSD,6282.5,6633.21,6177.51,6546.46,13627.25,87452203.34
736916.0,BTCUSD,6546.46,6584.8,6015.0,6146.01,7740.13,48242242.25
736917.0,BTCUSD,6146.01,6190.0,6003.0,6112.21,4021.81,24551752.98
736918.0,BTCUSD,6112.21,6112.21,6112.21,6112.21,0.0,0.0
736919.0,BTCUSD,6316.01,6544.99,6143.0,6253.67,10179.58,64323059.55
736920.0,BTCUSD,6253.67,6258.32,5900.0,6195.01,17119.88,103854359.8
736921.0,BTCUSD,6195.01,6636.0,6189.0,6369.99,15375.69,98504499.93
