,Time,NVT_Ratio
0,18/08/10,4819.95605889
1,20/08/10,2846.91013797
2,22/08/10,1911.41110266
3,24/08/10,1715.31883582
4,26/08/10,1454.35179465
5,28/08/10,1194.04412834
6,30/08/10,1169.93530928
7,01/09/10,1037.29546757
8,03/09/10,879.447589624
9,05/09/10,821.50130217
10,07/09/10,738.853131447
11,09/09/10,701.237350517
12,11/09/10,676.382677448
13,13/09/10,626.471547192
14,15/09/10,1405.47013588
15,17/09/10,455.892972973
16,19/09/10,420.708443915
17,21/09/10,409.16749117
18,23/09/10,367.130425056
19,25/09/10,353.909529023
20,27/09/10,339.90903913
21,29/09/10,300.966041005
22,01/10/10,284.152694275
23,03/10/10,193.998274987
24,05/10/10,180.444908609
25,07/10/10,165.586959432
26,09/10/10,262.052191135
27,11/10/10,267.707288033
28,13/10/10,192.268860935
29,15/10/10,224.977691692
30,17/10/10,190.529247104
31,19/10/10,183.194247716
32,21/10/10,184.853658205
33,23/10/10,181.774383651
34,25/10/10,242.591854607
35,27/10/10,269.406466804
36,29/10/10,244.594352965
37,31/10/10,244.456660895
38,02/11/10,234.114790364
39,04/11/10,243.266379291
40,06/11/10,262.979172324
41,08/11/10,212.587369089
42,10/11/10,151.384772581
43,12/11/10,141.928276682
44,14/11/10,167.361587334
45,16/11/10,151.775850114
46,18/11/10,155.399856087
47,20/11/10,151.007446515
48,22/11/10,147.023542416
49,24/11/10,145.491688478
50,26/11/10,141.251905963
51,28/11/10,138.532477936
52,30/11/10,131.657310899
53,02/12/10,117.167947581
54,04/12/10,119.452324467
55,06/12/10,101.239868953
56,08/12/10,110.491349787
57,10/12/10,90.946867535
58,12/12/10,101.58615537
59,14/12/10,101.430218364
60,16/12/10,108.859035946
61,18/12/10,109.498484297
62,20/12/10,121.408157821
63,22/12/10,115.4004264
64,24/12/10,108.626387852
65,26/12/10,117.543977318
66,28/12/10,120.572152725
67,30/12/10,128.993441232
68,01/01/11,128.976317812
69,03/01/11,132.905694428
70,05/01/11,133.289865329
71,07/01/11,144.490368676
72,09/01/11,148.116760654
73,11/01/11,149.854439227
74,13/01/11,181.499766177
75,15/01/11,175.723272076
76,17/01/11,170.992265767
77,19/01/11,142.894476529
78,21/01/11,184.505451029
79,23/01/11,181.833829879
80,25/01/11,172.932636656
81,27/01/11,123.275875068
82,29/01/11,133.271318224
83,31/01/11,149.203191415
84,02/02/11,232.877314769
85,04/02/11,246.11847416
86,06/02/11,259.994359097
87,08/02/11,291.293623472
88,10/02/11,328.560135544
89,12/02/11,313.858836456
90,14/02/11,303.869315076
91,16/02/11,292.483775208
92,18/02/11,285.722729547
93,20/02/11,256.006750694
94,22/02/11,228.321237321
95,24/02/11,244.633768083
96,26/02/11,248.678275581
97,28/02/11,235.28144435
98,02/03/11,217.740232169
99,04/03/11,210.864403926
100,06/03/11,200.296085788
101,08/03/11,196.609254107
102,10/03/11,173.381283002
103,12/03/11,176.026606923
104,14/03/11,158.455016731
105,16/03/11,151.567267232
106,18/03/11,140.351181663
107,20/03/11,128.355400049
108,22/03/11,125.528948189
109,24/03/11,134.898438307
110,26/03/11,128.733736042
111,28/03/11,118.760482209
112,30/03/11,108.455456056
113,01/04/11,107.772345103
114,03/04/11,105.892693593
115,05/04/11,92.434171117
116,07/04/11,97.9622021308
117,09/04/11,96.2546223925
118,11/04/11,96.7941926256
119,13/04/11,120.814559661
120,15/04/11,127.056433489
121,17/04/11,95.6954432269
122,19/04/11,64.213966286
123,21/04/11,64.0591430706
124,23/04/11,81.1982702751
125,25/04/11,88.4464643667
126,27/04/11,99.920905115
127,29/04/11,131.341521402
128,01/05/11,189.064863088
129,03/05/11,153.915007811
130,05/05/11,150.209537266
131,07/05/11,151.333946746
132,09/05/11,155.669118294
133,11/05/11,220.067236517
134,13/05/11,229.328353404
135,15/05/11,191.176909167
136,17/05/11,172.999068144
137,19/05/11,147.908778114
138,21/05/11,111.667053029
139,23/05/11,122.031753337
140,25/05/11,119.933736028
141,27/05/11,122.371046123
142,29/05/11,114.356050665
143,31/05/11,124.620106388
144,02/06/11,134.49873688
145,04/06/11,208.897337198
146,06/06/11,213.783064354
147,08/06/11,300.829460038
148,10/06/11,296.116060577
149,12/06/11,147.617225352
150,14/06/11,111.008534665
151,16/06/11,101.357505342
152,18/06/11,84.8275383946
153,20/06/11,69.4725161057
154,22/06/11,59.1048942711
155,24/06/11,64.6210952935
156,26/06/11,66.8654242138
157,28/06/11,64.9807033519
158,30/06/11,63.7698578787
159,02/07/11,59.2247808394
160,04/07/11,56.4616369648
161,06/07/11,57.9905899718
162,08/07/11,54.6428374305
163,10/07/11,54.4270480206
164,12/07/11,50.480201369
165,14/07/11,48.400668524
166,16/07/11,48.2442611174
167,18/07/11,46.0565916335
168,20/07/11,47.9609714071
169,22/07/11,47.346944674
170,24/07/11,47.3681049878
171,26/07/11,48.4853415923
172,28/07/11,46.667036288
173,30/07/11,46.0381658431
174,01/08/11,45.100828665
175,03/08/11,43.2845894984
176,05/08/11,37.8140485836
177,07/08/11,31.8480817739
178,09/08/11,39.1776795164
179,11/08/11,34.0953908137
180,13/08/11,33.4777768448
181,15/08/11,40.3172127202
182,17/08/11,38.5684322833
183,19/08/11,40.2899276041
184,21/08/11,40.6212897356
185,23/08/11,40.4167066156
186,25/08/11,38.2806251502
187,27/08/11,29.6015778535
188,29/08/11,30.9005859106
189,31/08/11,29.4510144798
190,02/09/11,27.9727562325
191,04/09/11,28.6101883315
192,06/09/11,25.921500646
193,08/09/11,25.9921197899
194,10/09/11,22.9340983653
195,12/09/11,31.4070682849
196,14/09/11,28.8424284913
197,16/09/11,26.0464949219
198,18/09/11,25.6043479133
199,20/09/11,44.2961794444
200,22/09/11,39.1518123065
201,24/09/11,39.1703942482
202,26/09/11,38.4454525142
203,28/09/11,36.9659472982
204,30/09/11,40.987492545
205,02/10/11,40.7270383452
206,04/10/11,40.3433862883
207,06/10/11,40.3403412098
208,08/10/11,37.9306896578
209,10/10/11,35.7227817665
210,12/10/11,35.7987521907
211,14/10/11,35.4167909466
212,16/10/11,33.9712522342
213,18/10/11,26.8353614497
214,20/10/11,22.7252458868
215,22/10/11,31.4500365697
216,24/10/11,30.7772082265
217,26/10/11,28.1268494471
218,28/10/11,32.7093915093
219,30/10/11,37.159197919
220,01/11/11,34.5308856079
221,03/11/11,34.9614967076
222,05/11/11,35.1465309799
223,07/11/11,34.388004877
224,09/11/11,35.4584097237
225,11/11/11,34.3986067563
226,13/11/11,35.8418363075
227,15/11/11,31.5398449629
228,17/11/11,25.4738037018
229,19/11/11,19.8903006725
230,21/11/11,18.8317981124
231,23/11/11,18.6613930068
232,25/11/11,20.5534728339
233,27/11/11,24.1713779236
234,29/11/11,25.0277975287
235,01/12/11,22.5588508706
236,03/12/11,18.4410478398
237,05/12/11,15.9947956465
238,07/12/11,13.6055847847
239,09/12/11,12.9491021922
240,11/12/11,14.3537745796
241,13/12/11,14.0425536868
242,15/12/11,13.614069175
243,17/12/11,13.7998892307
244,19/12/11,15.8003873768
245,21/12/11,17.5571733041
246,23/12/11,16.9155416818
247,25/12/11,18.8541428412
248,27/12/11,17.4788633086
249,29/12/11,18.6360451779
250,31/12/11,21.5135954877
251,02/01/12,23.6527153761
252,04/01/12,24.0695608545
253,06/01/12,30.8466504386
254,08/01/12,30.7905762646
255,10/01/12,29.350458928
256,12/01/12,29.7769449593
257,14/01/12,28.6061654084
258,16/01/12,30.2831616612
259,18/01/12,29.0796826156
260,20/01/12,27.3756341299
261,22/01/12,26.6117001992
262,24/01/12,27.0847842924
263,26/01/12,25.6890152457
264,28/01/12,23.837129357
265,30/01/12,23.2255474958
266,01/02/12,23.3311912049
267,03/02/12,25.3951566713
268,05/02/12,24.5928337397
269,07/02/12,23.4774154674
270,09/02/12,23.9577878447
271,11/02/12,24.7732045713
272,13/02/12,23.5241603197
273,15/02/12,19.7523481514
274,17/02/12,20.5983664794
275,19/02/12,19.9032221945
276,21/02/12,20.9559897701
277,23/02/12,23.9321684718
278,25/02/12,24.5391929754
279,27/02/12,25.4664868204
280,29/02/12,26.4161383186
281,02/03/12,29.6357454053
282,04/03/12,35.0580918354
283,06/03/12,39.7885768272
284,08/03/12,58.0665535465
285,10/03/12,63.2040808359
286,12/03/12,64.3381576192
287,14/03/12,70.4963087986
288,16/03/12,69.3555588796
289,18/03/12,69.1053211507
290,20/03/12,63.8327842482
291,22/03/12,62.7893281388
292,24/03/12,60.9874923874
293,26/03/12,60.4935762724
294,28/03/12,61.3570887467
295,30/03/12,60.9360966469
296,01/04/12,62.2247006528
297,03/04/12,62.9429994038
298,05/04/12,61.8995446463
299,07/04/12,63.847160321
300,09/04/12,60.3684685669
301,11/04/12,61.767562644
302,13/04/12,61.7137048356
303,15/04/12,63.0829645181
304,17/04/12,63.305714193
305,19/04/12,65.5822105416
306,21/04/12,69.4304148585
307,23/04/12,65.7821094644
308,25/04/12,64.8320191708
309,27/04/12,64.7700597885
310,29/04/12,62.7730841774
311,01/05/12,62.0909935644
312,03/05/12,64.2546814059
313,05/05/12,63.8874999857
314,07/05/12,62.884582673
315,09/05/12,62.1165071352
316,11/05/12,60.3507306301
317,13/05/12,59.8836122596
318,15/05/12,60.4298876451
319,17/05/12,63.3415600061
320,19/05/12,63.8036143794
321,21/05/12,62.5766333906
322,23/05/12,61.6783891668
323,25/05/12,61.2680181165
324,27/05/12,61.7617436825
325,29/05/12,60.9957017056
326,31/05/12,60.4603077491
327,02/06/12,61.9014573592
328,04/06/12,60.9171977621
329,06/06/12,62.4152356468
330,08/06/12,63.1354777334
331,10/06/12,62.2378551076
332,12/06/12,62.2035818841
333,14/06/12,64.3324398743
334,16/06/12,69.6511017645
335,18/06/12,67.0779695384
336,20/06/12,67.3142776023
337,22/06/12,67.2337599558
338,24/06/12,63.4274847288
339,26/06/12,60.2779385163
340,28/06/12,61.2173538341
341,30/06/12,61.1529169215
342,02/07/12,61.0903720602
343,04/07/12,58.4697430493
344,06/07/12,59.5983316256
345,08/07/12,60.4808118208
346,10/07/12,63.1781865219
347,12/07/12,62.6112326072
348,14/07/12,64.135195251
349,16/07/12,67.6598292892
350,18/07/12,74.5270145021
351,20/07/12,71.6841726876
352,22/07/12,69.5878963366
353,24/07/12,67.6954520931
354,26/07/12,65.8262288763
355,28/07/12,65.6355400586
356,30/07/12,66.6740202414
357,01/08/12,67.5674065226
358,03/08/12,76.3708690486
359,05/08/12,75.9587860899
360,07/08/12,73.696423655
361,09/08/12,78.1892275949
362,11/08/12,75.0852321552
363,13/08/12,75.4333108169
364,15/08/12,79.415887784
365,17/08/12,93.3750092351
366,19/08/12,69.482570598
367,21/08/12,58.2062099736
368,23/08/12,56.8936048894
369,25/08/12,55.8609307634
370,27/08/12,64.2440727516
371,29/08/12,58.206932706
372,31/08/12,54.4565392093
373,02/09/12,51.0897907996
374,04/09/12,52.3809888072
375,06/09/12,54.0502382467
376,08/09/12,53.9841691898
377,10/09/12,51.5841412084
378,12/09/12,51.883611481
379,14/09/12,52.9171788167
380,16/09/12,54.1463641693
381,18/09/12,53.6079601316
382,20/09/12,55.51637813
383,22/09/12,53.8457578654
384,24/09/12,52.66539101
385,26/09/12,52.245280744
386,28/09/12,52.3879549089
387,30/09/12,52.0229406728
388,02/10/12,52.5910260307
389,04/10/12,52.6754081344
390,06/10/12,51.7896349537
391,08/10/12,47.8344226651
392,10/10/12,47.892779961
393,12/10/12,47.6291244469
394,14/10/12,47.3889307128
395,16/10/12,46.9975112966
396,18/10/12,46.9743620762
397,20/10/12,46.2243010063
398,22/10/12,45.6733071119
399,24/10/12,45.1272360016
400,26/10/12,42.2691045076
401,28/10/12,40.356045102
402,30/10/12,40.7150889127
403,01/11/12,42.2154662436
404,03/11/12,40.156600954
405,05/11/12,41.2279092059
406,07/11/12,42.4054407985
407,09/11/12,42.181054662
408,11/11/12,42.0493065541
409,13/11/12,43.0714560958
410,15/11/12,43.0870472497
411,17/11/12,45.9959836283
412,19/11/12,46.5424222139
413,21/11/12,46.9413809629
414,23/11/12,50.0171152218
415,25/11/12,51.2270722719
416,27/11/12,51.164521472
417,29/11/12,51.6663930121
418,01/12/12,53.166751593
419,03/12/12,52.6462387462
420,05/12/12,55.7717630199
421,07/12/12,56.692451525
422,09/12/12,56.2967065556
423,11/12/12,57.2437238031
424,13/12/12,57.2676114386
425,15/12/12,57.157631794
426,17/12/12,55.5418139934
427,19/12/12,55.2369872869
428,21/12/12,56.4561106164
429,23/12/12,56.6241741895
430,25/12/12,57.2719287994
431,27/12/12,57.7448710438
432,29/12/12,58.9704019953
433,31/12/12,58.5182327526
434,02/01/13,57.8980411011
435,04/01/13,58.5474605573
436,06/01/13,58.6733352893
437,08/01/13,59.6904605112
438,10/01/13,61.4087476993
439,12/01/13,61.6328863766
440,14/01/13,60.9590668351
441,16/01/13,62.2361430212
442,18/01/13,67.0528130637
443,20/01/13,67.466421041
444,22/01/13,73.3722420732
445,24/01/13,78.4635508307
446,26/01/13,71.0973629806
447,28/01/13,73.1792618499
448,30/01/13,76.6388987962
449,01/02/13,79.9482728642
450,03/02/13,76.4650282537
451,05/02/13,74.9613635898
452,07/02/13,77.86291518
453,09/02/13,82.1217721343
454,11/02/13,81.8097331006
455,13/02/13,84.8340976915
456,15/02/13,83.9153495661
457,17/02/13,78.0825373676
458,19/02/13,85.7602973516
459,21/02/13,86.0491767753
460,23/02/13,82.100886679
461,25/02/13,81.2492647544
462,27/02/13,82.6573046842
463,01/03/13,87.8487964835
464,03/03/13,84.9907718429
465,05/03/13,95.5360316384
466,07/03/13,96.3685316399
467,09/03/13,102.312627576
468,11/03/13,102.825099946
469,13/03/13,97.0384979366
470,15/03/13,95.5429893929
471,17/03/13,94.5812785215
472,19/03/13,108.340428678
473,21/03/13,130.100120445
474,23/03/13,106.581139497
475,25/03/13,117.460071909
476,27/03/13,132.524046886
477,29/03/13,123.583361379
478,31/03/13,124.969764161
479,02/04/13,132.283531755
480,04/04/13,144.878637564
481,06/04/13,148.682212542
482,08/04/13,173.730685935
483,10/04/13,156.274482755
484,12/04/13,57.3687869421
485,14/04/13,66.8836069996
486,16/04/13,62.6183013328
487,18/04/13,64.5382088415
488,20/04/13,81.0218244428
489,22/04/13,79.104875572
490,24/04/13,94.1920536686
491,26/04/13,80.7059724334
492,28/04/13,79.3037453163
493,30/04/13,78.6211859803
494,02/05/13,57.6460334777
495,04/05/13,60.7857643059
496,06/05/13,63.7314667541
497,08/05/13,58.1905657091
498,10/05/13,59.1102854514
499,12/05/13,56.3534320143
500,14/05/13,57.6368974234
501,16/05/13,54.8819615522
502,18/05/13,58.1155083749
503,20/05/13,57.184138778
504,22/05/13,56.7107218081
505,24/05/13,60.2662818014
506,26/05/13,61.3456136294
507,28/05/13,58.1222699326
508,30/05/13,58.7060901287
509,01/06/13,57.8830196809
510,03/06/13,52.9966363951
511,05/06/13,53.6921004605
512,07/06/13,47.9372922089
513,09/06/13,42.2921538886
514,11/06/13,46.1717237155
515,13/06/13,46.5748087591
516,15/06/13,43.4756613301
517,17/06/13,42.692099573
518,19/06/13,45.9655413983
519,21/06/13,47.357565622
520,23/06/13,46.1314323114
521,25/06/13,44.7318495465
522,27/06/13,44.614466621
523,29/06/13,42.1423883152
524,01/07/13,39.8001678573
525,03/07/13,36.9261824166
526,05/07/13,30.9571543023
527,07/07/13,32.8252250957
528,09/07/13,36.2775801879
529,11/07/13,45.1959300747
530,13/07/13,50.305980624
531,15/07/13,51.6943080417
532,17/07/13,52.2705683082
533,19/07/13,49.8141010303
534,21/07/13,47.9489855594
535,23/07/13,50.9304733349
536,25/07/13,52.4990929234
537,27/07/13,53.1147165509
538,29/07/13,56.6791805
539,31/07/13,59.1962588966
540,02/08/13,60.5729088676
541,04/08/13,60.7593701405
542,06/08/13,63.1606773252
543,08/08/13,61.7803902653
544,10/08/13,63.140361749
545,12/08/13,64.749301152
546,14/08/13,62.0794799911
547,16/08/13,61.8288375052
548,18/08/13,63.4586197829
549,20/08/13,66.5156649485
550,22/08/13,70.4542769205
551,24/08/13,69.601995193
552,26/08/13,71.0266605121
553,28/08/13,75.6597079438
554,30/08/13,79.2508351033
555,01/09/13,82.482876214
556,03/09/13,82.3789763469
557,05/09/13,78.237374957
558,07/09/13,76.6524006632
559,09/09/13,78.3515898386
560,11/09/13,79.8104540789
561,13/09/13,82.2949916307
562,15/09/13,80.9716561441
563,17/09/13,81.8382561934
564,19/09/13,78.529455686
565,21/09/13,78.8282190412
566,23/09/13,77.7894834446
567,25/09/13,77.9353189715
568,27/09/13,78.3146773797
569,29/09/13,79.4140371234
570,01/10/13,78.0605265357
571,03/10/13,70.4911439754
572,05/10/13,74.2219233931
573,07/10/13,74.70035339
574,09/10/13,76.3955198775
575,11/10/13,76.724616807
576,13/10/13,79.8264995638
577,15/10/13,84.7717735646
578,17/10/13,88.3410665538
579,19/10/13,101.134964144
580,21/10/13,106.278629662
581,23/10/13,117.673981292
582,25/10/13,97.4370719285
583,27/10/13,105.975305551
584,29/10/13,109.08515488
585,31/10/13,108.698696602
586,02/11/13,109.29425573
587,04/11/13,116.696297896
588,06/11/13,128.050364195
589,08/11/13,149.3638227
590,10/11/13,130.274909451
591,12/11/13,148.645999952
592,14/11/13,162.963399904
593,16/11/13,160.544509961
594,18/11/13,193.605823234
595,20/11/13,179.518705464
596,22/11/13,182.035089669
597,24/11/13,185.295682516
598,26/11/13,172.491108856
599,28/11/13,184.36949463
600,30/11/13,189.782230458
601,02/12/13,159.019157565
602,04/12/13,175.682295364
603,06/12/13,127.703350278
604,08/12/13,100.141225849
605,10/12/13,125.339440242
606,12/12/13,111.214736955
607,14/12/13,111.638405358
608,16/12/13,89.3370174805
609,18/12/13,69.8217776856
610,20/12/13,78.2619285991
611,22/12/13,74.2545237702
612,24/12/13,74.5184278532
613,26/12/13,83.8404581316
614,28/12/13,79.5364995765
615,30/12/13,82.6697220706
616,01/01/14,83.1395613509
617,03/01/14,87.8710869934
618,05/01/14,95.4674475445
619,07/01/14,91.1249251327
620,09/01/14,84.4056971324
621,11/01/14,91.9812656736
622,13/01/14,82.4744491235
623,15/01/14,85.2801226484
624,17/01/14,79.2176731677
625,19/01/14,83.0083226092
626,21/01/14,80.8513689304
627,23/01/14,79.6293034202
628,25/01/14,78.9327383909
629,27/01/14,75.2433272566
630,29/01/14,77.8842565982
631,31/01/14,77.5372942529
632,02/02/14,78.9576557144
633,04/02/14,77.4763465378
634,06/02/14,73.3394523942
635,08/02/14,67.2851587278
636,10/02/14,63.1860368221
637,12/02/14,63.5617624266
638,14/02/14,64.3051781031
639,16/02/14,60.0538046907
640,18/02/14,61.5460332282
641,20/02/14,58.5943993698
642,22/02/14,66.0104022887
643,24/02/14,60.7472090802
644,26/02/14,67.4223746639
645,28/02/14,70.4758495652
646,02/03/14,71.6672729022
647,04/03/14,88.3465003799
648,06/03/14,88.0359504662
649,08/03/14,81.5606483825
650,10/03/14,79.7013636716
651,12/03/14,81.7707868995
652,14/03/14,80.2408459375
653,16/03/14,81.2033421212
654,18/03/14,81.3996732453
655,20/03/14,78.6952909631
656,22/03/14,75.94399182
657,24/03/14,79.0258514078
658,26/03/14,81.6760352781
659,28/03/14,69.8763406323
660,30/03/14,62.6458569298
661,01/04/14,67.4319128404
662,03/04/14,62.6400543136
663,05/04/14,64.9919198873
664,07/04/14,66.0272197377
665,09/04/14,66.4248141382
666,11/04/14,63.8418490504
667,13/04/14,61.4849200142
668,15/04/14,74.6838992253
669,17/04/14,76.4040804615
670,19/04/14,78.0598316225
671,21/04/14,77.2146706299
672,23/04/14,76.9746183015
673,25/04/14,72.8890818906
674,27/04/14,70.6190157049
675,29/04/14,72.8103110566
676,01/05/14,75.2920725978
677,03/05/14,71.5890093377
678,05/05/14,70.9238466796
679,07/05/14,74.857271895
680,09/05/14,78.6917981604
681,11/05/14,76.4859799937
682,13/05/14,78.2482245684
683,15/05/14,80.6072896866
684,17/05/14,82.6211292463
685,19/05/14,82.9666707068
686,21/05/14,92.6491005211
687,23/05/14,98.5825251197
688,25/05/14,107.046682018
689,27/05/14,109.184841413
690,29/05/14,107.765595115
691,31/05/14,118.428766377
692,02/06/14,120.01554833
693,04/06/14,125.200906305
694,06/06/14,128.017511623
695,08/06/14,138.963620474
696,10/06/14,150.70491975
697,12/06/14,149.09362691
698,14/06/14,140.750095657
699,16/06/14,149.427661972
700,18/06/14,152.203615581
701,20/06/14,152.095332522
702,22/06/14,153.702061227
703,24/06/14,145.747011873
704,26/06/14,140.720509041
705,28/06/14,150.739898906
706,30/06/14,155.946988039
707,02/07/14,163.803950161
708,04/07/14,160.282286046
709,06/07/14,161.805466943
710,08/07/14,157.719267771
711,10/07/14,156.360089907
712,12/07/14,163.17882399
713,14/07/14,159.60129163
714,16/07/14,158.426471135
715,18/07/14,162.245583549
716,20/07/14,160.909049254
717,22/07/14,160.427216166
718,24/07/14,155.048076294
719,26/07/14,155.596984104
720,28/07/14,152.173313586
721,30/07/14,148.722080177
722,01/08/14,151.918688029
723,03/08/14,149.059347883
724,05/08/14,143.576188557
725,07/08/14,144.749825084
726,09/08/14,144.121348877
727,11/08/14,140.61150778
728,13/08/14,132.023352625
729,15/08/14,118.561255904
730,17/08/14,116.190722444
731,19/08/14,114.019299877
732,21/08/14,122.739754781
733,23/08/14,119.023705476
734,25/08/14,119.387330801
735,27/08/14,122.467465955
736,29/08/14,122.246908587
737,31/08/14,115.205048872
738,02/09/14,116.546256965
739,04/09/14,118.269046817
740,06/09/14,118.100919884
741,08/09/14,116.10858458
742,10/09/14,120.754246604
743,12/09/14,119.412387988
744,14/09/14,121.075811155
745,16/09/14,119.528631508
746,18/09/14,108.847434754
747,20/09/14,104.907509847
748,22/09/14,101.10597216
749,24/09/14,112.394911756
750,26/09/14,106.254798994
751,28/09/14,99.843241509
752,30/09/14,100.672322855
753,02/10/14,100.036423964
754,04/10/14,89.2008426007
755,06/10/14,85.9467692998
756,08/10/14,89.6935806934
757,10/10/14,92.2584073908
758,12/10/14,93.6829554635
759,14/10/14,103.828089114
760,16/10/14,96.0330559714
761,18/10/14,99.3443564796
762,20/10/14,97.3532245576
763,22/10/14,97.1454955934
764,24/10/14,90.6787890355
765,26/10/14,89.8666043318
766,28/10/14,89.9248958126
767,30/10/14,85.3352010021
768,01/11/14,85.1615689408
769,03/11/14,84.3716763231
770,05/11/14,88.6544283021
771,07/11/14,88.668059689
772,09/11/14,93.0831744638
773,11/11/14,94.8772453746
774,13/11/14,103.436736713
775,15/11/14,95.2585786397
776,17/11/14,95.6390823578
777,19/11/14,94.9523681247
778,21/11/14,90.5339237784
779,23/11/14,92.3389254297
780,25/11/14,96.1472648096
781,27/11/14,94.493405877
782,29/11/14,94.2952466695
783,01/12/14,94.4251665648
784,03/12/14,92.8117472074
785,05/12/14,89.818059626
786,07/12/14,90.4688798795
787,09/12/14,82.4031905409
788,11/12/14,83.6839892238
789,13/12/14,82.2411428735
790,15/12/14,82.1979585076
791,17/12/14,73.5718049036
792,19/12/14,73.5993961888
793,21/12/14,76.4527488249
794,23/12/14,77.9684139197
795,25/12/14,74.4556885608
796,27/12/14,73.4850084955
797,29/12/14,73.3704148781
798,31/12/14,74.0366172045
799,02/01/15,74.238953891
800,04/01/15,63.1312114308
801,06/01/15,65.1773034952
802,08/01/15,65.5037635767
803,10/01/15,65.7527617224
804,12/01/15,63.5652641932
805,14/01/15,41.6737904816
806,16/01/15,48.3826813424
807,18/01/15,49.994540778
808,20/01/15,50.5918795776
809,22/01/15,55.8673782109
810,24/01/15,58.6764128819
811,26/01/15,63.5972138673
812,28/01/15,58.4138781856
813,30/01/15,54.0032226574
814,01/02/15,51.8515298353
815,03/02/15,55.3964938071
816,05/02/15,51.5696751769
817,07/02/15,53.9559693364
818,09/02/15,52.7645086201
819,11/02/15,53.4419793557
820,13/02/15,59.2332695448
821,15/02/15,60.745640284
822,17/02/15,61.5037229147
823,19/02/15,61.1921650463
824,21/02/15,62.7243758261
825,23/02/15,60.5227464882
826,25/02/15,61.7931334249
827,27/02/15,65.6281050064
828,01/03/15,65.2410595571
829,03/03/15,72.5847189267
830,05/03/15,70.6013529396
831,07/03/15,74.6953480138
832,09/03/15,77.6693082175
833,11/03/15,80.6863194417
834,13/03/15,79.976939053
835,15/03/15,79.1864659152
836,17/03/15,80.2685589907
837,19/03/15,73.2545599116
838,21/03/15,73.2993865955
839,23/03/15,75.3260903705
840,25/03/15,69.8617119559
841,27/03/15,70.1467959356
842,29/03/15,69.2440303835
843,31/03/15,68.934701597
844,02/04/15,71.6767634518
845,04/04/15,72.0884083911
846,06/04/15,74.1453301894
847,08/04/15,71.7823245215
848,10/04/15,69.1554913082
849,12/04/15,70.8563148679
850,14/04/15,64.524326457
851,16/04/15,69.8515825648
852,18/04/15,68.2826499542
853,20/04/15,68.7286149416
854,22/04/15,72.3134626563
855,24/04/15,70.9968809561
856,26/04/15,67.5777558777
857,28/04/15,70.536638716
858,30/04/15,74.3655250175
859,02/05/15,74.5251093419
860,04/05/15,75.1096056764
861,06/05/15,75.3012691721
862,08/05/15,78.0814145934
863,10/05/15,76.7041736755
864,12/05/15,77.0507149391
865,14/05/15,76.0294760775
866,16/05/15,76.6294025657
867,18/05/15,76.7732919891
868,20/05/15,75.9089023273
869,22/05/15,77.4709204265
870,24/05/15,78.0092118257
871,26/05/15,76.2545704157
872,28/05/15,76.3689327257
873,30/05/15,75.1698765533
874,01/06/15,71.4213030046
875,03/06/15,73.2080329203
876,05/06/15,72.7378207067
877,07/06/15,73.1050274849
878,09/06/15,75.4196389626
879,11/06/15,75.6630118672
880,13/06/15,76.6576678493
881,15/06/15,77.8536573259
882,17/06/15,80.732506322
883,19/06/15,77.9664963319
884,21/06/15,76.9218038617
885,23/06/15,77.1273468977
886,25/06/15,76.8095613355
887,27/06/15,79.424945481
888,29/06/15,80.1112173736
889,01/07/15,80.6830502201
890,03/07/15,79.5388977243
891,05/07/15,83.2907634112
892,07/07/15,80.1062552674
893,09/07/15,80.6611922145
894,11/07/15,86.5096767883
895,13/07/15,83.9781269181
896,15/07/15,84.1310611668
897,17/07/15,79.7793557305
898,19/07/15,79.427653222
899,21/07/15,79.7042402538
900,23/07/15,78.8420481521
901,25/07/15,81.4098540596
902,27/07/15,81.9421452259
903,29/07/15,81.6254510259
904,31/07/15,79.551110307
905,02/08/15,77.9503283147
906,04/08/15,78.4721025789
907,06/08/15,76.0096353033
908,08/08/15,73.4845051356
909,10/08/15,70.0863578163
910,12/08/15,70.6213543139
911,14/08/15,69.6790848876
912,16/08/15,66.497446313
913,18/08/15,64.2746301291
914,20/08/15,58.2265096401
915,22/08/15,56.3087698089
916,24/08/15,51.8386584492
917,26/08/15,54.7544127396
918,28/08/15,55.4424932714
919,30/08/15,53.6945016757
920,01/09/15,53.5900431858
921,03/09/15,53.2782889468
922,05/09/15,55.09942071
923,07/09/15,56.2987088274
924,09/09/15,55.6014679333
925,11/09/15,55.504645017
926,13/09/15,53.1874159646
927,15/09/15,53.0737362457
928,17/09/15,54.4452688855
929,19/09/15,54.4896658263
930,21/09/15,52.6804931034
931,23/09/15,53.3224066443
932,25/09/15,54.2172718964
933,27/09/15,53.7138552841
934,29/09/15,54.5606657211
935,01/10/15,54.7924915722
936,03/10/15,55.0761429188
937,05/10/15,55.2101397485
938,07/10/15,56.7612000018
939,09/10/15,56.5138781987
940,11/10/15,57.8409504179
941,13/10/15,58.1087798201
942,15/10/15,58.7003333751
943,17/10/15,61.3141520842
944,19/10/15,59.281601272
945,21/10/15,59.9090589834
946,23/10/15,61.2687697728
947,25/10/15,64.415750681
948,27/10/15,63.2037505619
949,29/10/15,64.7313661279
950,31/10/15,63.6637094174
951,02/11/15,67.56522964
952,04/11/15,80.2822093898
953,06/11/15,68.3772313988
954,08/11/15,66.1985285701
955,10/11/15,60.4145319466
956,12/11/15,55.289862867
957,14/11/15,54.4673217032
958,16/11/15,53.0108283511
959,18/11/15,53.1385264982
960,20/11/15,50.5645066637
961,22/11/15,50.6901080826
962,24/11/15,50.5428229001
963,26/11/15,53.9315801395
964,28/11/15,54.4526399006
965,30/11/15,55.9743948293
966,02/12/15,53.1636436826
967,04/12/15,52.4164261787
968,06/12/15,54.8478458917
969,08/12/15,54.2816909811
970,10/12/15,55.8970142193
971,12/12/15,56.0233830404
972,14/12/15,57.1170232526
973,16/12/15,56.8177762787
974,18/12/15,56.2181465885
975,20/12/15,52.6083534668
976,22/12/15,51.5916739269
977,24/12/15,52.6235744601
978,26/12/15,48.0233445574
979,28/12/15,48.1798559732
980,30/12/15,48.4559167651
981,01/01/16,49.0546241321
982,03/01/16,48.5923740945
983,05/01/16,48.7620533411
984,07/01/16,50.8370073742
985,09/01/16,50.4942420101
986,11/01/16,49.6446040867
987,13/01/16,47.4593333705
988,15/01/16,43.0497577527
989,17/01/16,42.5589862022
990,19/01/16,41.7883032316
991,21/01/16,44.683914371
992,23/01/16,42.395459893
993,25/01/16,41.6938361235
994,27/01/16,42.3437219517
995,29/01/16,40.5319791602
996,31/01/16,40.8010296917
997,02/02/16,40.5378360248
998,04/02/16,43.2626669095
999,06/02/16,42.5894918093
1000,08/02/16,43.1595978365
1001,10/02/16,43.739949707
1002,12/02/16,44.423770291
1003,14/02/16,47.1540212849
1004,16/02/16,47.5924411731
1005,18/02/16,49.0375865765
1006,20/02/16,51.1664146028
1007,22/02/16,50.5107347686
1008,24/02/16,48.3704447842
1009,26/02/16,48.6472028333
1010,28/02/16,49.4263733607
1011,01/03/16,48.6848849886
1012,03/03/16,47.2477469287
1013,05/03/16,44.4502869726
1014,07/03/16,46.2430883169
1015,09/03/16,46.8053687361
1016,11/03/16,48.1405568684
1017,13/03/16,48.0211639914
1018,15/03/16,48.8204054878
1019,17/03/16,49.9780904397
1020,19/03/16,49.1805292354
1021,21/03/16,50.15872882
1022,23/03/16,51.9204759393
1023,25/03/16,52.2924570701
1024,27/03/16,53.7688063782
1025,29/03/16,52.075670812
1026,31/03/16,52.2583302946
1027,02/04/16,52.0498010687
1028,04/04/16,51.6475592402
1029,06/04/16,51.3845600334
1030,08/04/16,51.5790108037
1031,10/04/16,51.4152492946
1032,12/04/16,51.6180210993
1033,14/04/16,51.3085359837
1034,16/04/16,52.389271061
1035,18/04/16,51.8361262913
1036,20/04/16,53.2203804651
1037,22/04/16,53.7281737854
1038,24/04/16,55.2006542366
1039,26/04/16,56.3461427582
1040,28/04/16,53.866841213
1041,30/04/16,53.7843948496
1042,02/05/16,52.8199607897
1043,04/05/16,52.8266532422
1044,06/05/16,54.1930522212
1045,08/05/16,54.29031909
1046,10/05/16,52.8641157323
1047,12/05/16,53.1929269877
1048,14/05/16,53.4600972718
1049,16/05/16,53.1009561285
1050,18/05/16,52.8429724866
1051,20/05/16,51.4686120541
1052,22/05/16,51.681024617
1053,24/05/16,52.5281478037
1054,26/05/16,53.1615197292
1055,28/05/16,60.2497192396
1056,30/05/16,59.7666229888
1057,01/06/16,61.70475776
1058,03/06/16,65.5625483116
1059,05/06/16,66.9356862664
1060,07/06/16,66.5174214664
1061,09/06/16,65.4647670402
1062,11/06/16,67.7352184167
1063,13/06/16,78.0355594199
1064,15/06/16,75.8242370824
1065,17/06/16,78.9897380194
1066,19/06/16,80.4915604799
1067,21/06/16,68.4582419673
1068,23/06/16,62.0837313253
1069,25/06/16,65.799928955
1070,27/06/16,63.4271639405
1071,29/06/16,61.9576913616
1072,01/07/16,64.6770335788
1073,03/07/16,62.8216033456
1074,05/07/16,62.8816826755
1075,07/07/16,59.470638789
1076,09/07/16,60.8191065988
1077,11/07/16,60.0486994945
1078,13/07/16,60.4605879179
1079,15/07/16,60.7766185086
1080,17/07/16,61.3914249186
1081,19/07/16,60.0502466979
1082,21/07/16,59.0733338081
1083,23/07/16,58.3577794175
1084,25/07/16,58.2135090054
1085,27/07/16,58.3538591484
1086,29/07/16,58.8001002413
1087,31/07/16,55.5584099385
1088,02/08/16,52.6202201294
1089,04/08/16,50.0981308621
1090,06/08/16,51.4632414862
1091,08/08/16,52.3456826384
1092,10/08/16,50.8968546719
1093,12/08/16,50.5814726223
1094,14/08/16,49.1615039726
1095,16/08/16,49.5352054281
1096,18/08/16,49.3151568191
1097,20/08/16,50.3785440293
1098,22/08/16,50.5736539583
1099,24/08/16,49.8524370234
1100,26/08/16,49.9264706174
1101,28/08/16,50.688168155
1102,30/08/16,51.6009976501
1103,01/09/16,51.2040326581
1104,03/09/16,54.9280671567
1105,05/09/16,55.0891207303
1106,07/09/16,56.1570604347
1107,09/09/16,57.3155803759
1108,11/09/16,56.2668296866
1109,13/09/16,56.9632497596
1110,15/09/16,57.6544744004
1111,17/09/16,58.9274632854
1112,19/09/16,59.2124077381
1113,21/09/16,59.3885525528
1114,23/09/16,61.3086400899
1115,25/09/16,60.9924290684
1116,27/09/16,61.8819176995
1117,29/09/16,62.4684453177
1118,01/10/16,64.1830082839
1119,03/10/16,64.0618415756
1120,05/10/16,64.5741196308
1121,07/10/16,65.9006175469
1122,09/10/16,65.6833391256
1123,11/10/16,68.1212226415
1124,13/10/16,67.9706307146
1125,15/10/16,68.798498721
1126,17/10/16,68.7386268645
1127,19/10/16,68.7901281794
1128,21/10/16,69.0256501468
1129,23/10/16,71.6943760423
1130,25/10/16,70.9753619024
1131,27/10/16,72.7578159921
1132,29/10/16,75.8914737925
1133,31/10/16,74.0279492708
1134,02/11/16,79.4151577399
1135,04/11/16,76.1320538606
1136,06/11/16,76.2982968226
1137,08/11/16,75.2548471415
1138,10/11/16,75.4544609078
1139,12/11/16,74.6156990378
1140,14/11/16,74.4283514661
1141,16/11/16,76.9655731378
1142,18/11/16,77.2884450067
1143,20/11/16,75.1971074609
1144,22/11/16,76.2524296422
1145,24/11/16,74.2049629605
1146,26/11/16,73.094067071
1147,28/11/16,71.93097133
1148,30/11/16,72.2590037477
1149,02/12/16,74.9029067675
1150,04/12/16,74.1844253118
1151,06/12/16,72.6828992924
1152,08/12/16,73.1755788929
1153,10/12/16,73.6647945021
1154,12/12/16,72.9698195472
1155,14/12/16,72.1626667174
1156,16/12/16,71.953626404
1157,18/12/16,72.0266019044
1158,20/12/16,71.456858216
1159,22/12/16,75.7444488085
1160,24/12/16,78.2331018834
1161,26/12/16,78.2113081534
1162,28/12/16,82.893773819
1163,30/12/16,79.4484210989
1164,01/01/17,83.0252687524
1165,03/01/17,83.634485679
1166,05/01/17,77.5106649569
1167,07/01/17,68.9844030384
1168,09/01/17,67.8210013572
1169,11/01/17,58.0311196291
1170,13/01/17,60.6711802264
1171,15/01/17,59.9718996908
1172,17/01/17,65.2393869947
1173,19/01/17,64.4591028722
1174,21/01/17,65.9065457173
1175,23/01/17,65.1838617578
1176,25/01/17,62.6585736903
1177,27/01/17,65.1216688742
1178,29/01/17,65.0581435547
1179,31/01/17,68.5952958097
1180,02/02/17,71.4419686864
1181,04/02/17,73.0751102851
1182,06/02/17,72.0574241808
1183,08/02/17,73.4540900756
1184,10/02/17,69.2176075735
1185,12/02/17,69.1998544804
1186,14/02/17,69.9413920121
1187,16/02/17,71.9742851283
1188,18/02/17,73.7322793055
1189,20/02/17,75.7432320618
1190,22/02/17,77.9774788616
1191,24/02/17,80.7405720006
1192,26/02/17,80.7486051521
1193,28/02/17,80.7881296302
1194,02/03/17,83.8386081835
1195,04/03/17,84.1550776526
1196,06/03/17,83.516443231
1197,08/03/17,75.2198844917
1198,10/03/17,70.4987882232
1199,12/03/17,78.49060899
1200,14/03/17,79.0422274058
1201,16/03/17,72.9242326084
1202,18/03/17,57.8311903959
1203,20/03/17,63.1683084405
1204,22/03/17,61.1990450744
1205,24/03/17,55.9157265539
1206,26/03/17,56.6742724545
1207,28/03/17,61.3845628647
1208,30/03/17,61.0562514043
1209,01/04/17,64.2398050715
1210,03/04/17,66.3214296143
1211,05/04/17,65.878620445
1212,07/04/17,69.9948826965
1213,09/04/17,71.9342073494
1214,11/04/17,72.6553589348
1215,13/04/17,70.2721274517
1216,15/04/17,70.6998035095
1217,17/04/17,72.0931936688
1218,19/04/17,73.5725994701
1219,21/04/17,76.3111116072
1220,23/04/17,78.0125302267
1221,25/04/17,72.5522465863
1222,27/04/17,75.5569290086
1223,29/04/17,73.9649979565
1224,01/05/17,76.7705140167
1225,03/05/17,80.1855101993
1226,05/05/17,79.5196298987
1227,07/05/17,78.5553651497
1228,09/05/17,84.920797744
1229,11/05/17,87.585051655
1230,13/05/17,84.4421836278
1231,15/05/17,79.2488192493
1232,17/05/17,79.6965443698
1233,19/05/17,83.3694897677
1234,21/05/17,85.2308691199
1235,23/05/17,91.0995669051
1236,25/05/17,90.3672738447
1237,27/05/17,75.2421816084
1238,29/05/17,83.4935805572
1239,31/05/17,81.5024762566
1240,02/06/17,86.0454531689
1241,04/06/17,87.0300666986
1242,06/06/17,97.1040710362
1243,08/06/17,91.9950919231
1244,10/06/17,92.2468047312
1245,12/06/17,83.9200107495
1246,14/06/17,75.9731766095
1247,16/06/17,76.1520636368
1248,18/06/17,76.9631628542
1249,20/06/17,83.1949105261
1250,22/06/17,81.3535149703
1251,24/06/17,77.187119585
1252,26/06/17,71.3275359374
1253,28/06/17,74.8451300302
1254,30/06/17,70.6229916664
1255,02/07/17,70.7891249615
1256,04/07/17,73.0051994598
1257,06/07/17,72.8433115442
1258,08/07/17,71.0768015628
1259,10/07/17,64.555479849
1260,12/07/17,64.6123093055
1261,14/07/17,58.946489188
1262,16/07/17,51.6322319924
1263,18/07/17,61.4604903617
1264,20/07/17,75.6341952264
1265,22/07/17,72.8997750921
1266,24/07/17,70.6557703302
1267,26/07/17,63.4660847169
1268,28/07/17,68.6412633378
1269,30/07/17,66.1335685654
1270,01/08/17,63.4246243458
1271,03/08/17,64.418937899
1272,05/08/17,73.2978857424
1273,07/08/17,75.4474080863
1274,09/08/17,74.2603629726
1275,11/08/17,79.6031064261
1276,13/08/17,89.1856873567
1277,15/08/17,89.8658646248
1278,17/08/17,91.2915961869
1279,19/08/17,87.939395237
1280,21/08/17,83.600717288
1281,23/08/17,84.7360661979
1282,24/08/17,87.0284232
1283,25/08/17,90.5714167309
1284,26/08/17,90.7631298972
1285,27/08/17,90.9500398026
1286,28/08/17,90.3388529775
1287,29/08/17,90.8240124185
1288,30/08/17,94.6053473884
1289,31/08/17,93.8710030434
1290,01/09/17,95.9100887662
1291,02/09/17,98.2619565845
1292,03/09/17,91.0168895042
1293,04/09/17,92.4522150166
1294,05/09/17,85.3574549544
1295,06/09/17,87.1158233326
1296,07/09/17,89.0407194362
1297,08/09/17,88.5410532007
1298,09/09/17,81.3981932527
1299,10/09/17,82.8014600403
1300,11/09/17,81.8864640001
1301,12/09/17,80.3924450732
1302,13/09/17,79.6051850162
1303,14/09/17,74.5655209713
1304,15/09/17,62.1669155803
1305,16/09/17,69.8481753458
1306,17/09/17,69.3522744574
1307,18/09/17,69.4662751996
1308,19/09/17,75.7316075717
1309,20/09/17,73.0182267318
1310,21/09/17,73.5966126796
1311,22/09/17,67.9667760111
1312,23/09/17,67.1957499699
1313,24/09/17,70.2741411321
1314,25/09/17,69.3374169043
1315,26/09/17,73.660204484
1316,27/09/17,72.9986253644
1317,28/09/17,78.6937627376
1318,29/09/17,78.569034556
1319,30/09/17,78.6370018244
1320,01/10/17,81.0345503463
1321,02/10/17,82.0599560128
1322,03/10/17,82.1675304893
1323,04/10/17,80.6906926466
1324,05/10/17,79.3468258085
1325,06/10/17,81.583943572
1326,07/10/17,81.5095076993
1327,08/10/17,82.5416875333
1328,09/10/17,86.8333996772
1329,10/10/17,89.8117932843
1330,11/10/17,89.0319688614
1331,12/10/17,89.8117516048
1332,13/10/17,98.2823390368
1333,14/10/17,101.837270823
1334,15/10/17,104.167343967
1335,16/10/17,102.582931483
1336,17/10/17,102.941350393
1337,18/10/17,100.73793686
1338,19/10/17,98.7905141578
1339,20/10/17,101.291816317
1340,21/10/17,104.837321866
1341,22/10/17,105.595172478
1342,23/10/17,104.299808686
1343,24/10/17,100.474872156
1344,25/10/17,92.3968620818
1345,26/10/17,93.7712898784
1346,27/10/17,96.6903452475
1347,28/10/17,94.7921057986
1348,29/10/17,95.4342326916
1349,30/10/17,101.327551852
1350,31/10/17,100.136462671
1351,01/11/17,104.058822824
1352,02/11/17,108.183620824
1353,03/11/17,112.903837854
1354,04/11/17,114.067812011
1355,05/11/17,117.378302847
1356,06/11/17,116.53617854
1357,07/11/17,109.782653101
1358,08/11/17,110.155239278
1359,09/11/17,114.175237647
1360,10/11/17,108.711645267
1361,11/11/17,101.152025372
1362,12/11/17,95.3722125339
1363,13/11/17,85.043321711
1364,14/11/17,96.5598950354
1365,15/11/17,97.1402089428
1366,16/11/17,105.840698237
1367,17/11/17,111.98581996
1368,18/11/17,110.025289481
1369,19/11/17,109.648105124
1370,20/11/17,111.510151537
1371,21/11/17,113.730903086
1372,22/11/17,109.395728245
1373,23/11/17,111.563418449
1374,24/11/17,108.336301587
1375,25/11/17,107.886684727
1376,26/11/17,112.253384483
1377,27/11/17,118.214695749
1378,28/11/17,121.23161338
1379,29/11/17,122.058377902
1380,30/11/17,118.355222285
1381,01/12/17,119.428486361
1382,02/12/17,126.691300862
1383,03/12/17,127.844782599
1384,04/12/17,129.674343103
1385,05/12/17,131.413243511
1386,06/12/17,133.50342744
1387,07/12/17,149.689340585
1388,08/12/17,176.849153209
1389,09/12/17,167.127402914
1390,10/12/17,154.815528227
1391,11/12/17,149.338227911
1392,12/12/17,164.647494254
1393,13/12/17,164.566763371
1394,14/12/17,156.551945562
1395,15/12/17,152.845910228
1396,16/12/17,160.269664692
1397,17/12/17,172.968918582
1398,18/12/17,166.777021098
1399,19/12/17,160.295053114
1400,20/12/17,147.572882253
1401,21/12/17,130.214111025
1402,22/12/17,128.366844674
1403,23/12/17,119.216423234
1404,24/12/17,119.349610142
1405,25/12/17,107.202656789
1406,26/12/17,107.701775899
1407,27/12/17,120.609201798
1408,28/12/17,115.271307249
1409,29/12/17,104.933205975
1410,30/12/17,105.352406483
1411,31/12/17,93.6630666902
1412,01/01/18,99.1092232166
1413,02/01/18,95.8988419902
1414,03/01/18,102.873554942
1415,04/01/18,102.174530367
1416,05/01/18,101.714598981
1417,06/01/18,112.743637891
1418,07/01/18,112.082232006
1419,08/01/18,105.880389758
1420,09/01/18,95.9159335018
1421,10/01/18,91.4756816308
1422,11/01/18,92.8805197007
1423,12/01/18,80.8479785898
1424,13/01/18,83.9992150971
1425,14/01/18,87.005686389
1426,15/01/18,82.5475040728
1427,16/01/18,82.9630076188
1428,17/01/18,65.7217710804
1429,18/01/18,65.0011112076
1430,19/01/18,66.0267753894
1431,20/01/18,66.1348088365
1432,21/01/18,74.4960822384
1433,22/01/18,65.9998318544
1434,23/01/18,60.5640722008
1435,24/01/18,64.4935633133
1436,25/01/18,64.8509731917
1437,26/01/18,64.43179599
1438,27/01/18,62.5944037041
1439,28/01/18,65.588955298
1440,29/01/18,66.814531741
1441,30/01/18,63.6528279644
1442,31/01/18,57.7844159029
1443,01/02/18,57.3802439726
1444,02/02/18,51.4592138101
1445,03/02/18,50.2019740312
1446,04/02/18,51.1808917772
1447,05/02/18,47.3206014508
1448,06/02/18,38.5012823299
1449,07/02/18,43.2149318801
1450,08/02/18,45.5832132014
1451,09/02/18,46.4645652109
1452,10/02/18,48.1754683627
1453,11/02/18,47.0286394649
1454,12/02/18,47.3641506081
1455,13/02/18,50.1228924793
1456,14/02/18,49.0175084403
1457,15/02/18,53.4124892326
1458,16/02/18,57.3216191964
1459,17/02/18,58.5678463365
1460,18/02/18,62.968507245
1461,19/02/18,61.1878350535
1462,20/02/18,65.0427593034
1463,21/02/18,66.9563704233
1464,22/02/18,61.9699572211
1465,23/02/18,58.4236620286
1466,24/02/18,59.9965587901
1467,25/02/18,57.4260436207
1468,26/02/18,57.7647497762
1469,27/02/18,62.2112884655
1470,28/02/18,65.1618814993
1471,01/03/18,63.2518941843
1472,02/03/18,67.5508407042
1473,03/03/18,68.2145021101
1474,04/03/18,70.1643900318
1475,05/03/18,71.0879432527
1476,06/03/18,72.4227334407
1477,07/03/18,67.6136398802
1478,08/03/18,64.1042342838
1479,09/03/18,60.8150262121
1480,10/03/18,59.3492552955
1481,11/03/18,57.8353520139
1482,12/03/18,65.2739979169
1483,13/03/18,62.2725765462
1484,14/03/18,63.2997030636
1485,15/03/18,57.2530659955
1486,16/03/18,59.3464173237
1487,17/03/18,61.493458979
1488,18/03/18,58.4177673918
1489,19/03/18,60.9372340963
1490,20/03/18,63.8990671531
1491,21/03/18,69.2057512237
1492,22/03/18,70.3587231841
1493,23/03/18,69.2903262356
1494,24/03/18,70.531242563
1495,25/03/18,71.0373582905
1496,26/03/18,71.2952782257
1497,27/03/18,68.3825089616
1498,28/03/18,66.5152552146
1499,29/03/18,68.6782502286
1500,30/03/18,62.7885440122
1501,31/03/18,61.1129778863
1502,01/04/18,62.8156376205
1503,02/04/18,62.5478156954
1504,03/04/18,65.4764520536
1505,04/04/18,70.0414602593
1506,05/04/18,64.9993022793
1507,06/04/18,66.7394439088
1508,07/04/18,66.4450981347
1509,08/04/18,71.2349078725
1510,09/04/18,74.3216979658
1511,10/04/18,72.5867908129
1512,11/04/18,75.1231905605
1513,12/04/18,78.3445218703
1514,13/04/18,90.2149936957
1515,14/04/18,92.2296710196
1516,15/04/18,95.3984400102
1517,16/04/18,100.655569786
1518,17/04/18,98.5899659996
1519,18/04/18,98.4353787261
1520,19/04/18,103.450394718
1521,20/04/18,105.75137518
1522,21/04/18,114.702389105
1523,22/04/18,115.801788783
1524,23/04/18,117.336221744
1525,24/04/18,119.564470036
1526,25/04/18,128.131042856
1527,26/04/18,121.115876464
1528,27/04/18,125.435050308
1529,28/04/18,123.800194748
1530,29/04/18,127.827135328
1531,30/04/18,129.001328102
1532,01/05/18,128.863707923
1533,02/05/18,127.347028868
1534,03/05/18,129.708143799
1535,04/05/18,137.080215173
1536,05/05/18,140.08285354
1537,06/05/18,142.055020081
1538,07/05/18,140.394278668
1539,08/05/18,136.862856579
1540,09/05/18,136.318878918
1541,10/05/18,138.343385167
1542,11/05/18,135.657284209
1543,12/05/18,126.763339807
1544,13/05/18,127.070509325
1545,14/05/18,130.830484226
1546,15/05/18,129.371330466
1547,16/05/18,127.506585723
1548,17/05/18,124.999660312
1549,18/05/18,120.757492439
1550,19/05/18,121.938760294
1551,20/05/18,122.062583891
1552,21/05/18,126.682865199
1553,22/05/18,125.314620994
1554,23/05/18,120.504881211
1555,24/05/18,114.153602447
1556,25/05/18,116.03045096
1557,26/05/18,115.331549131
1558,27/05/18,115.140999712
1559,28/05/18,115.842685644
1560,29/05/18,112.323708298
1561,30/05/18,118.214108562
1562,31/05/18,118.490049091
1563,01/06/18,121.703126441
1564,02/06/18,123.007220943
1565,03/06/18,125.494865617
1566,04/06/18,127.172611468
1567,05/06/18,124.966130044
1568,06/06/18,127.604563275
1569,07/06/18,129.401544657
1570,08/06/18,130.543374994
1571,09/06/18,131.161481605
1572,10/06/18,130.860115489
1573,11/06/18,117.744659253
1574,12/06/18,119.654097624
1575,13/06/18,114.507535756
1576,14/06/18,110.948391792
1577,15/06/18,117.292564551
1578,16/06/18,113.814929078
1579,17/06/18,115.56380107
1580,18/06/18,115.35627468
1581,19/06/18,120.415774336
1582,20/06/18,121.294612785
1583,21/06/18,120.014355744
1584,22/06/18,122.202367468
1585,23/06/18,122.096203476
1586,24/06/18,110.073451126
1587,25/06/18,112.984219923
1588,26/06/18,112.975074482
1589,27/06/18,114.989219083
1590,28/06/18,113.110928935
1591,29/06/18,113.665161066
1592,30/06/18,110.938197938
1593,01/07/18,111.045464253
1594,02/07/18,117.917375896
1595,03/07/18,118.786665707
1596,04/07/18,123.383246052
1597,05/07/18,123.299610409
1598,06/07/18,124.869176858
1599,07/07/18,121.293433491
1600,08/07/18,123.819942138
1601,09/07/18,123.652655697
1602,10/07/18,125.87478528
1603,11/07/18,125.492535865
1604,12/07/18,120.288658757
1605,13/07/18,121.140024611
1606,14/07/18,117.474965052
1607,15/07/18,118.635759331
1608,16/07/18,120.136831403
1609,17/07/18,122.125072372
1610,18/07/18,128.177450734
1611,19/07/18,141.134390728
1612,20/07/18,141.18318601
1613,21/07/18,145.208247186
1614,22/07/18,142.694529425
1615,23/07/18,144.861783028
1616,24/07/18,145.286941012
1617,25/07/18,152.419368031
1618,26/07/18,168.106708027
1619,27/07/18,164.681173348
1620,28/07/18,160.182893848
1621,29/07/18,166.895850364
1622,30/07/18,168.653354024
1623,31/07/18,170.049206433
1624,01/08/18,168.052253442
1625,02/08/18,159.933744391
1626,03/08/18,158.307773857
1627,04/08/18,158.530587703
1628,05/08/18,157.27431468
1629,06/08/18,149.413571846
1630,07/08/18,151.114982529
1631,08/08/18,149.192871228
1632,09/08/18,140.696919375
1633,10/08/18,140.299846276
1634,11/08/18,141.331509782
1635,12/08/18,137.71063766
1636,13/08/18,140.895993212
1637,14/08/18,143.824401812
1638,15/08/18,137.175285697
1639,16/08/18,145.260260448
1640,17/08/18,147.472798093
1641,18/08/18,152.885211585
1642,19/08/18,152.406448933
1643,20/08/18,152.207755571
1644,21/08/18,153.338697828
